ÔªøDATA,MODELO,IMEI,VALOR DE VENDA,BRINDE,CUSTO APARELHO,FORMA DE PAGAMENTO,LUCRO,VENDEDOR,LOJA,PRECISA_REVISAO,MOTIVO_REVISAO,ENTENDIMENTO
04/06/2026,IPHONE 17 PRO 256GB SILVER NOVO,357679992297861,"R$ 7.370,00","R$ 30,00","R$ 6.950,00","Entrou um 14 pro Max seminovo por 3000,00 /4300,00 pix /70,00 pix","R$ 390,00",Marcela,ONLINE,SIM,So extraiu: 4370 pix de 7370 ‚Üí falta R$ 3000 sem valor explicito no texto,
04/06/2026,IPHONE 15 128GB AZUL SEMINOVO,35 169847 156724 4,"R$ 2.900,00","R$ 25,00","R$ 2.660,00","1450,00 pix / entrou um 13 seminovo por 1450,00","R$ 215,00",Marcela,ONLINE,NAO,,valor da venda = 2900 | 1450 pix + 1450 troca | brinde 25
04/06/2026,IPHONE 15 PRO MAX 256GB PRETO SEMINOVO,35146564482796 6,"R$ 4.400,00","R$ 23,00","R$ 4.100,00","2500,00 pix / entrou um 14 seminovo por 1900,00","R$ 277,00",Marcela,ONLINE,NAO,,valor da venda = 4400 | 2500 pix + 1900 troca | brinde 23
04/06/2026,IPHONE 16 PRO MAX 256GB DESERT NOVO,357590879692399,"R$ 5.970,00",R$ -,"R$ 5.850,00",R$1990 no pix + R$3980 no cr√©dito,"R$ 120,00",Renan,BLOCO B,NAO,,valor da venda = 5970 | 1990 pix + 3980 credito
04/06/2026,IPHONE 14 128GB BRANCO SEMINOVO,353687476380990,"R$ 2.100,00",R$ -,"R$ 1.900,00","R$450 no cr√©dito + pegando um iphone 13 azul 128g por R$1650,00","R$ 200,00",Renan,BLOCO B,NAO,,valor da venda = 2100 | 450 credito + 1650 troca
04/06/2026,IPHONE 15 128GB ROSA SEMINOVO,35385062818266 0,"R$ 2.950,00","R$ 35,00","R$ 2.660,00","1000,00 pix / 1950,00 em 5x","R$ 255,00",Marcela,ONLINE,NAO,,valor da venda = 2950 | 1000 pix + 1950 credito | brinde 35
04/06/2026,IPHONE 17 256GB BRANCO NOVO,359973613643894,"R$ 4.700,00","R$ 25,00","R$ 4.600,00","9324,00 em 10x (PAGAMENTO JUNTO APARELHO 1)","R$ 75,00",Marcela,ONLINE,NAO,,grupo 1 (8 e 9): valor da venda = 4700 | 4700 pix = 4700 | grupo R$ 9324
04/06/2026,IPHONE 17 256GB PRETO NOVO,351205581240124,"R$ 4.624,00","R$ 30,00","R$ 4.500,00",PAGAMENTO JUNTO APARELHO 2,"R$ 94,00",Marcela,ONLINE,NAO,,grupo 1 (8 e 9): valor da venda = 4624 | 4624 pix = 4624 | grupo R$ 9324
04/06/2026,POCO X8 PRO MAX 512GB BRANCO NOVO,860534086640486,"R$ 3.050,00",R$ -,"R$ 2.950,00","3.050,00 PIX","R$ 100,00",Ronald,CASES,NAO,,valor da venda = 3050 | 3050 pix
04/06/2026,IPHONE 17 PRO MAX 256GB SILVER NOVO,351205745375915,"R$ 7.750,00",R$ -,"R$ 7.500,00","4.050,00 DINHEIRO / ENTRADA IPH 15 PRO MAX 256GB R$ 3.700,00","R$ 250,00",Ronald,CASES,NAO,,valor da venda = 7750 | 4050 dinheiro + 3700 troca
04/06/2026,POCO X8 PRO 512GB PRETO NOVO,V865532083172607,"R$ 2.500,00",R$ -,"R$ 2.300,00","R$1.630,43 CR√âDITO 6x / 1.000,00 PIX","R$ 200,00",Ronald,CASES,NAO,,valor da venda = 2500 | 1000 pix + 1500 credito (visa 6x (taxa 8.0%))
04/06/2026,IPHONE 17 PRO MAX 256GB AZUL NOVO,359652120809905,"R$ 7.467,00","R$ 30,00","R$ 7.230,00","R$5.768,21 CR√âDITO 3X / ENTRADA IPH 13 PRO MAX R$ 2.100,00","R$ 207,00",Ronald,CASES,NAO,,valor da venda = 7467 | 5367 credito (elo 3x (taxa 7.0%)) + 2100 troca | brinde 30
04/06/2026,IPHONE 13 PRO 256GB GOLD SEMINOVO,356133317489721,"R$ 2.806,00","R$ 25,00","R$ 2.300,00",PIX,"R$ 481,00",Higor Guedes,CELL,NAO,,valor da venda = 2806 | 2806 pix | brinde 25
04/06/2026,APPLE WATCH SERIES 8 STARLHIG SEMINOVO,LVVK104JHQ,"R$ 1.100,00",R$ -,"R$ 750,00",DINHEIRO,"R$ 350,00",Higor Guedes,CELL,NAO,,valor da venda = 1100 | 1100 dinheiro
04/06/2026,IPHONE 15 128GB PRETO NOVO,355225777788922,"R$ 3.836,00",R$ -,"R$ 3.600,00","PIX 1.300,00 / PIX R$ 1.986,00","R$ 236,00",Higor Guedes,CELL,SIM,So extraiu: 3286 pix de 3836 ‚Üí falta R$ 550 sem valor explicito no texto,
04/06/2026,IPHONE 16 PRO 128GB PRETO SEMINOVO,,"R$ 5.000,00","R$ 25,00","R$ 4.500,00","PIX R$ 1.550,00 / ENTRADA IPH 16 AZUL 128GB R$ 3.450,00","R$ 475,00",Higor Guedes,CELL,SIM,Sem IMEI,valor da venda = 5000 | 1550 pix + 3450 troca | brinde 25
04/06/2026,IPHONE 12 PRO MAX 128GB AZUL SEMINOVO,35 701474 101962 4,"R$ 2.300,00","R$ 25,00","R$ 2.000,00","1.300 dinheiro / entrando IPHONE 12 128GB PRETO A - 1.000,00","R$ 275,00",Guilherme,BLOCO B,SIM,So extraiu: 1300 dinheiro de 2300 ‚Üí falta R$ 1000 sem valor explicito no texto,
05/06/2026,IPHONE 15 PRO MAX 256GB SEMINOVO,35 150340 005047 0,"R$ 3.950,00","R$ 25,00","R$ 3.700,00","1000,00 pix /2950,00 pix","R$ 225,00",Marcela,ONLINE,NAO,,valor da venda = 3950 | 3950 pix | brinde 25
05/06/2026,MacBook Air m5 midnight 16/512 NOVO,/DFD4FJ0J2Q,"R$ 6.930,00","R$ 60,00","R$ 6.700,00",PIX,"R$ 170,00",Marcela,ONLINE,NAO,,valor da venda = 6930 | 6930 pix | brinde 60
05/06/2026,POCO C85 PRETO 256GB NOVO,864280082529028,"R$ 1.010,00",R$ -,"R$ 880,00",PIX,"R$ 130,00",Renan,BLOCO B,NAO,,valor da venda = 1010 | 1010 pix
05/06/2026,IPHONE 15 128GB PRETO NOVO,359867882327710,"R$ 3.700,00",R$ -,"R$ 3.600,00","R$7400,00 no pix PAGAMENTO JUNTO, APARELHO 1","R$ 100,00",Renan,BLOCO B,NAO,,grupo 2 (22 e 23): valor da venda = 3700 | 3700 pix = 3700 | grupo R$ 7400
05/06/2026,IPHONE 15 128GB PRETO NOVO,351713518508703,"R$ 3.700,00",R$ -,"R$ 3.600,00",PAGAMENTO JUNTO APARELHO 2,"R$ 100,00",Renan,BLOCO B,NAO,,grupo 2 (22 e 23): valor da venda = 3700 | 3700 pix = 3700 | grupo R$ 7400
05/06/2026,MACBOOK NEO ROSA 256GB NOVO,K76LHCP7F,"R$ 4.551,00","R$ 30,00","R$ 4.350,00",4551 em 18x,"R$ 171,00",Marcela,BLOCO B,NAO,,valor da venda = 4551 | 4551 credito | brinde 30
05/06/2026,IPHONE 14 128GB PRETO SEMINOVO,35512337 351278 0,"R$ 2.070,00","R$ 20,00","R$ 1.900,00","260,00 pix /260,00 pix/ 60 pix / 1490 em 10x","R$ 100,00",Marcela,ONLINE,NAO,,valor da venda = 2070 | 580 pix + 1490 credito | brinde 20
05/06/2026,REDMI NOTE 15 4G 256GB AZUL NOVO,862315083031764,"R$ 1.211,00",R$ -,"R$ 1.150,00","100 pix/1111,00 em 5x","R$ 61,00",Marcela,ONLINE,NAO,,valor da venda = 1211 | 100 pix + 1111 credito
05/06/2026,JBL BOOMBOX 3 PRETA NOVO,JBLB00MB0X3BLKBR,"R$ 1.860,00",R$ -,"R$ 1.780,00",PIX,"R$ 80,00",Renan,BLOCO B,NAO,,valor da venda = 1860 | 1860 pix
05/06/2026,IPHONE 15 128GB PRETO NOVO,355225779424203,"R$ 3.750,00","R$ 5,00","R$ 3.600,00",PIX,"R$ 145,00",Renan,BLOCO B,NAO,,valor da venda = 3750 | 3750 pix | brinde 5
05/06/2026,IPHONE 14 PRO 256GB BRANCO SEMINOVO,54001278899018,"R$ 3.325,00","R$ 25,00","R$ 2.900,00","R$ 525,00 PIX / R$ 3.890,23 CREDITO 18X - PAGAMENTO JUNTO , APARELHO 1","R$ 400,00",Ronald,CASES,NAO,,grupo 3 (29 e 30): valor da venda = 3325 | 3325 credito = 3325 | grupo R$ 6710
05/06/2026,IPHONE 14 PRO MAX 128GB PRETO SEMINOVO,351548866512357,"R$ 3.385,00","R$ 25,00","R$ 3.150,00",PAGAMENTO JUNTO APARELHO 2,"R$ 210,00",Ronald,CASES,NAO,,grupo 3 (29 e 30): valor da venda = 3385 | 3385 credito = 3385 | grupo R$ 6710
05/06/2026,REDMI PAD 2 256GB CINZA NOVO,65577/W6PT04947,"R$ 1.500,00","R$ 48,00","R$ 1.240,00","R$1.630,43 CR√âDITO 6x","R$ 212,00",Ronald,CASES,NAO,,valor da venda = 1500 | 1500 credito (visa 6x (taxa 8.0%)) | brinde 48
05/06/2026,IPHONE 14 128GB PRETO SEMINOVO,35 159224 3452233,"R$ 2.100,00","R$ 10,00","R$ 1.900,00","PIX R$ 1.650,00 / R$ 50,00 DINHEIRO / ENTRADA IPH XR 64GB PRETO R$ 400,00","R$ 190,00",Higor Guedes,CELL,NAO,,valor da venda = 2100 | 1650 pix + 50 dinheiro + 400 troca | brinde 10
05/06/2026,IPHONE 17 256GB BRANCO NOVO,,"R$ 4.980,00","R$ 135,00","R$ 2.600,00","PIX R$ 4.380,00 / ENTRADA IPH 128GB PRETO R$ 600,00","R$ 245,00",Higor Guedes,CELL,SIM,Sem IMEI,valor da venda = 4980 | 4380 pix + 600 troca | brinde 135
06/06/2026,IPHONE 17 256GB AZUL NOVO,352824462371275,"R$ 4.750,00","R$ 45,00","R$ 4.500,00",PIX,"R$ 205,00",Marcela,ONLINE,NAO,,valor da venda = 4750 | 4750 pix | brinde 45
06/06/2026,IPAD 11¬∞ (A16) 128GB SILVER NOVO,DMY20XLJ95,"R$ 2.599,00","R$ 120,00","R$ 2.250,00","2542,00 em 12/ 57 1x","R$ 229,00",Marcela,ONLINE,NAO,,valor da venda = 2599 | 2599 pix | brinde 120
06/06/2026,IPHONE 15 PRO MAX 256GB PRETO SEMINOVO,35203376 371558 3,"R$ 3.910,00","R$ 25,00","R$ 3.700,00","30,00 pix /3880 debito","R$ 185,00",Marcela,ONLINE,NAO,,valor da venda = 3910 | 30 pix + 3880 debito | brinde 25
06/06/2026,IPAD 11¬∞ (A16) 128GB SILVER NOVO,DV71MXVDQ7,"R$ 2.542,00","R$ 110,00","R$ 2.200,00",2542 em 12x,"R$ 232,00",Marcela,ONLINE,NAO,,valor da venda = 2542 | 2542 credito | brinde 110
06/06/2026,IPAD 11¬∞ (A16) 128GB AZUL NOVO,JTPYCFFWY4,"R$ 2.450,00","R$ 110,00","R$ 2.200,00",PIX,"R$ 140,00",Marcela,ONLINE,NAO,,valor da venda = 2450 | 2450 pix | brinde 110
06/06/2026,IPHONE 15 PRO MAX 256GB PRETO SEMINOVO,352229491749619,"R$ 3.950,00","R$ 10,00","R$ 3.700,00",2050 dinheiro/1900 pix,"R$ 240,00",Marcela,ONLINE,NAO,,valor da venda = 3950 | 1900 pix + 2050 dinheiro | brinde 10
06/06/2026,IPHONE 17 256GB BRANCO NOVO,359973613777577,"R$ 4.820,00","R$ 5,00","R$ 4.600,00","Entrou um 11 128 por 600,00 seminovo / 4220 em 12x","R$ 215,00",Marcela,ONLINE,SIM,So extraiu: 4220 credito de 4820 ‚Üí falta R$ 600 sem valor explicito no texto,
06/06/2026,IPAD 11¬∞ (A16) 128GB AZUL NOVO,FP424P4PXH,"R$ 2.471,00","R$ 130,00","R$ 2.250,00",1100 pix / 1371 em 8x,"R$ 101,00",Marcela,ONLINE,NAO,,valor da venda = 2471 | 1100 pix + 1371 credito | brinde 130
06/06/2026,IPHONE 14 PLUS 128GB LILAS NOVO,351906511449970,"R$ 3.570,00","R$ 5,00","R$ 3.450,00",PIX,"R$ 115,00",Renan,BLOCO B,NAO,,valor da venda = 3570 | 3570 pix | brinde 5
06/06/2026,IPHONE 13 256GB BRANCO SEMINOVO,353640981930528,"R$ 2.325,00","R$ 25,00","R$ 1.900,00","R$ 1.300,00 PIX / R$ 1.089,85 CR√âDITO 3X","R$ 400,00",Ronald,CASES,NAO,,valor da venda = 2325 | 1300 pix + 1025 credito (visa 3x (taxa 6.0%)) | brinde 25
06/06/2026,IPHONE 17 PRO 256GB SILVER NOVO,352574676009796,"R$ 7.325,00","R$ 20,00","R$ 7.000,00","R$6.513,08 CR√âDITO 12X","R$ 305,00",Ronald,CASES,SIM,So extraiu: 6513.08 credito de 7325 ‚Üí falta R$ 812 sem valor explicito no texto,
06/06/2026,IPHONE 13 128GB BRANCO SEMINOVO,350264528248328,"R$ 1.910,00","R$ 10,00","R$ 1.750,00","TROCANDO IPHONE 12 128GB LIL√ÅS (1.600,00) GARANTIA (03/03 venda Guilherme) + R$334,59 CR√âDITO 1X",R$ -,Ronald,CASES,SIM,So extraiu: 334.59 credito de 1910 ‚Üí falta R$ 1575 sem valor explicito no texto,
06/06/2026,REDMI 15C 256GB AZUL NOVO,866509086604223,"R$ 880,00",R$ -,"R$ 840,00","GARANTIA REALME C61 256GB 8RAM GOLD ( VENDIDO POR 810,00) PLACA MORREU + 72,80 CR√âDITO 1X",R$ -,Ronald,CASES,SIM,So extraiu: 72.80 credito de 880 ‚Üí falta R$ 807 sem valor explicito no texto,
06/06/2026,IPHONE 17 PRO 256GB BRANCO SEMINOVO,,"R$ 7.065,00","R$ 10,00","R$ 6.300,00","PIX R$ 2.450,00 / PIX R$ 115,00 / ENTRADA IPH 15 128GB R$ 2.650,00 / ENTRADA IPH 14 LILAS 128GB R$ 1.850,00",,Higor Guedes,CELL,SIM,Sem IMEI,valor da venda = 7065 | 2565 pix + 4500 troca | brinde 10
06/06/2026,IPHONE 13 256GB ROSA SEMINOVO,356815609092334,"R$ 2.116,00","R$ 10,00","R$ 1.900,00","PIX R$ 1.100,00 / PIX R$ 1.016,00","R$ 206,00",Higor Guedes,CELL,NAO,,valor da venda = 2116 | 2116 pix | brinde 10
06/06/2026,IPHONE 15 128GB AZUL SEMINOVO,35 168257 029609 5,"R$ 2.910,00","R$ 25,00","R$ 2.660,00","1.700 pix / 860 dinheiro / entrando xr 64 GB PRETO A - 350,00","R$ 225,00",Guilherme,BLOCO B,SIM,So extraiu: 1700 pix + 860 dinheiro de 2910 ‚Üí falta R$ 350 sem valor explicito no texto,
07/06/2026,IPHONE 14 PRO MAX 512GB ROXO SEMINOVO,356041402342004,"R$ 3.800,00","R$ 15,00","R$ 3.500,00",PIX,"R$ 285,00",Angel,BLOCO B,SIM,Vendedor Angel - pendente ID real,valor da venda = 3800 | 3800 pix | brinde 15
07/06/2026,IPHONE 13 256GB ROSA SEMINOVO,352615457839263,"R$ 2.100,00","R$ 15,00","R$ 1.900,00",PIX,"R$ 185,00",Angel,BLOCO B,SIM,Vendedor Angel - pendente ID real,valor da venda = 2100 | 2100 pix | brinde 15
07/06/2026,IPHONE 17 256GB BRANCO NOVO,353111887936779,"R$ 4.705,00","R$ 10,00","R$ 4.690,00","35,00 pix / 4670,00 pix","R$ 10,00",Marcela,ONLINE,NAO,,valor da venda = 4705 | 4705 pix | brinde 10
07/06/2026,APPLE WATCH ULTRA 3 49MM PRETO NOVO,353938647328032,"R$ 5.750,00","R$ 15,00","R$ 4.670,00","5750,0 em 1x","R$ 1.065,00",Marcela,ONLINE,NAO,,valor da venda = 5750 | 5750 credito | brinde 15
07/06/2026,BOOMBOX 4 LARANJA NOVA/SEMINOVA,TL1973-BQ009163,"R$ 2.500,00",R$ -,"R$ 2.390,00","1000,00 dinheiro / 1500,00 pix","R$ 110,00",Marcela,ONLINE,NAO,,valor da venda = 2500 | 1500 pix + 1000 dinheiro
07/06/2026,IPHONE 15 PRO MAX 256GB PRETO SEMINOVO,35 283240 862564 8,"R$ 4.050,00","R$ 41,00","R$ 3.700,00","R$2.000,00 PIX/R$2.311,16 CR√âDITO 11X","R$ 309,00",Marcela,ONLINE,NAO,,valor da venda = 4050 | 2000 pix + 2050 credito (visa 11x (taxa 11.3%)) | brinde 41
07/06/2026,IPHONE 17 256GB PRETO NOVO,358736464505640,"R$ 4.750,00",R$ -,"R$ 4.650,00",PIX,"R$ 100,00",Renan,BLOCO B,NAO,,valor da venda = 4750 | 4750 pix
07/06/2026,POCO X8 PRO MAX 512GB AZUL NOVO,74909/F6QV01625,"R$ 3.100,00",R$ -,"R$ 2.950,00",PIX,"R$ 150,00",Renan,BLOCO B,NAO,,valor da venda = 3100 | 3100 pix
07/06/2026,IPHONE 15 128GB AZUL SEMINOVO,35986788108129,"R$ 3.973,00","R$ 15,00","R$ 3.700,00","2673,00 em 10,x/ entrou um 13 128 seminovo por 1300,00","R$ 258,00",Marcela,ONLINE,SIM,So extraiu: 1300 troca de 3973 ‚Üí falta R$ 2673 sem valor explicito no texto,
07/06/2026,IPHONE 12 64GB LILAS SEMINOVO,35 8187610315940,"R$ 1.350,00","R$ 25,00","R$ 1.150,00","R$ 1.350,00 EM 5X","R$ 175,00",Marcela,ONLINE,NAO,,valor da venda = 1350 | 1350 credito | brinde 25
07/06/2026,IPHONE 15 PRO MAX 256GB PRETO SEMINOVO,35049630499550 5,"R$ 4.050,00","R$ 25,00","R$ 3.700,00","2950,00 em 10x/ entrou um 14 pro 128 seminovo por 1100,00","R$ 325,00",Marcela,ONLINE,NAO,,valor da venda = 4050 | 2950 credito + 1100 troca | brinde 25
07/06/2026,IPHONE 14 PRO 128GB ROXO SEMINOVO,3501800048255,"R$ 1.650,00",R$ -,"R$ 1.100,00",PIX,"R$ 550,00",Marcela,ONLINE,NAO,,valor da venda = 1650 | 1650 pix
07/06/2026,IPAD 11¬∞ (A16) 128GB SILVER NOVO,DHYGFK76Q2,"R$ 2.453,35","R$ 100,00","R$ 2.250,00","35,35 pix /3118 em 10x (PAGAMENTO JUNTO APARELHO 1)","R$ 175,00",Marcela,ONLINE,NAO,,grupo 4 (62 e 63): valor da venda = 2453 | 2453.35 pix = 2453 | grupo R$ 3153
07/06/2026,IPHONE XR 64GB AZUL SEMINOVO,353060104205916,"R$ 700,00","R$ 25,00","R$ 500,00",PAGAMENTO JUNTO APARELHO 2,"R$ 175,00",Marcela,ONLINE,NAO,,grupo 4 (62 e 63): valor da venda = 700 | 700 pix = 700 | grupo R$ 3153
07/06/2026,IPHONE 13 PRO MAX 128GB SEMINOVO,353869220171228,"R$ 3.047,00","R$ 10,00","R$ 2.600,00",PIX,"R$ 437,00",Higor Guedes,CELL,NAO,,valor da venda = 3047 | 3047 pix | brinde 10
07/06/2026,IPHONE 16 PRO MAX 256GB DESERT SEMINOVO,35 568866 635102,"R$ 5.450,00",R$ -,"R$ 5.000,00",PIX,"R$ 450,00",Higor Guedes,CELL,NAO,,valor da venda = 5450 | 5450 pix
07/06/2026,IPHONE 14 PRO MAX 256GB ROXO SEMINOVO,35 787943 7816990,"R$ 3.350,00",R$ -,"R$ 3.200,00",PIX,"R$ 150,00",Higor Guedes,CELL,NAO,,valor da venda = 3350 | 3350 pix
07/06/2026,IPHONE 16E 128GB PRETO SEMINOVO,356243696858256,"R$ 2.839,00",R$ -,"R$ 1.800,00","PIX R$ 839,00 / PIX R$ 2.000,00","R$ 1.039,00",Higor Guedes,CELL,NAO,,valor da venda = 2839 | 2839 pix
07/06/2026,IPHONE 17 256GB PRETO NOVO,355989444523158,"R$ 4.605,00",R$ -,"R$ 4.550,00",PIX,"R$ 55,00",Higor Guedes,CELL,NAO,,valor da venda = 4605 | 4605 pix
07/06/2026,IPHONE 14 128GB AZUL SEMINOVO,35 826414 2105709,"R$ 2.150,00",R$ -,"R$ 1.900,00","PIX R$ 800,00 / PIX R$ 1.350,00","R$ 250,00",Higor Guedes,CELL,NAO,,valor da venda = 2150 | 2150 pix
07/06/2026,NOTE 15 8GB 256GB PRETO NOVO,865716081697042,"R$ 1.330,00",R$ -,"R$ 1.100,00",1.400 em 2x,"R$ 230,00",Guilherme,BLOCO B,NAO,,valor da venda = 1330 | 1330 credito (visa 2x (taxa 5.0%))
08/06/2026,IPHONE 11 64GB PRETO SEMINOVO - GARANTIA DO XR,356814118803398,"R$ 880,00","R$ 15,00","R$ 600,00","Pagou 180 pix/ entrou um XR 64 azul por 700,00",R$ -,Marcela,,NAO,,valor da venda = 880 | 180 pix + 700 troca | brinde 15
09/06/2026,IPHONE 15 PRO 256GB NATURAL SEMINOVO,35430058 708958 8,"R$ 3.780,00","R$ 25,00","R$ 3.000,00",PIX,"R$ 755,00",Marcela,,NAO,,valor da venda = 3780 | 3780 pix | brinde 25
09/06/2026,IPHONE 16E 128GB BRANCO SEMINOVO,35 263893 649061 5,"R$ 2.600,00","R$ 25,00","R$ 2.100,00","R$500,00 no dinheiro + R$2100 no pix","R$ 475,00",Renan,BLOCO B,SIM,So extraiu: 2100 pix de 2600 ‚Üí falta R$ 500 sem valor explicito no texto,
09/06/2026,IPHONE 15 256GB PRETO SEMINOVO,359817430962252,"R$ 3.050,00","R$ 30,00","R$ 2.900,00","R$1950 no pix + pegando um iphone 12 256 vermelho por R$1100,00","R$ 120,00",Renan,BLOCO B,NAO,,valor da venda = 3050 | 1950 pix + 1100 troca | brinde 30
10/06/2026,SAMSUNG A55 256GB AZUL SEMINOVO,358543582779606,"R$ 1.000,00","R$ 25,00","R$ 700,00",PIX,"R$ 275,00",Guilherme,BLOCO B,NAO,,valor da venda = 1000 | 1000 pix | brinde 25
10/06/2026,IPHONE 15 PRO MAX 256GB PRETO SEMINOVO,25267652002814 4,"R$ 3.950,00","R$ 68,00","R$ 3.700,00",PIX,"R$ 182,00",Marcela,,NAO,,valor da venda = 3950 | 3950 pix | brinde 68
10/06/2026,IPAD 11¬∞ (A16) 128GB SILVER NOVO,L3CRQLVC2F,"R$ 2.441,00","R$ 70,00","R$ 2.250,00","2441,00 em 10x","R$ 121,00",Marcela,,NAO,,valor da venda = 2441 | 2441 credito | brinde 70
10/06/2026,IPHONE 17 PRO MAX 256GB SILVER NOVO,351205745798025,"R$ 7.831,00","R$ 5,00","R$ 7.650,00",R$7431 no pix + R$400 em dinheiro,"R$ 176,00",Renan,BLOCO B,SIM,So extraiu: 7431 pix de 7831 ‚Üí falta R$ 400 sem valor explicito no texto,
10/06/2026,IPHONE 17 PRO MAX 256G LARANJA NOVO,359372358546422,"R$ 7.250,00",R$ -,"R$ 7.150,00",R$7250 no pix,"R$ 100,00",Renan,BLOCO B,NAO,,valor da venda = 7250 | 7250 pix
10/06/2026,IPHONE 16 PRO MAX 256GB PRETO SEMINOVO,35 421097 502531 0,"R$ 5.350,00","R$ 25,00","R$ 4.950,00","PIX de R$ 1.500,00 / PIX de R$ 3.850,00","R$ 375,00",Renata,CELL,NAO,,valor da venda = 5350 | 5350 pix | brinde 25
10/06/2026,IPHONE 15 PRO 256GB TITANIO NATURAL SEMINOVO,35 432441 360371 9,"R$ 3.750,00","R$ 25,00","R$ 3.250,00","PIX de R$ 3.750,00","R$ 475,00",Renata,CELL,NAO,,valor da venda = 3750 | 3750 pix | brinde 25
10/06/2026,NOTE 15 5G 256GB PRETO NOVO,865292089717067,"R$ 1.450,00",R$ -,"R$ 1.380,00",PIX,"R$ 70,00",Ronald,CASES,NAO,,valor da venda = 1450 | 1450 pix
10/06/2026,IPHONE 17 256GB BRANCO NOVO,356146774825724,"R$ 4.800,00",R$ -,"R$ 4.700,00","R$ 2.140,00 PIX / ENTRADA IPHONE 15 128GB ROSA R$ 2.660,00","R$ 100,00",Ronald,CASES,NAO,,valor da venda = 4800 | 2140 pix + 2660 troca
10/06/2026,IPHONE 11 64GB VERMELHO SEMINOVO,356572103379228,"R$ 750,00","R$ 25,00","R$ 600,00",PIX,"R$ 125,00",Ronald,CASES,NAO,,valor da venda = 750 | 750 pix | brinde 25
10/06/2026,IPHONE 11 64GB PRETO SEMINOVO,35 615721 609444,"R$ 700,00",R$ -,"R$ 600,00",PIX,"R$ 100,00",Ronald,CASES,NAO,,valor da venda = 700 | 700 pix
10/06/2026,IPHONE 13 PRO MAX 128GB VERDE SEMINOVO,35 536566 523692 1,"R$ 3.012,00","R$ 25,00","R$ 2.600,00","DINHEIRO R$ 200,00 / DINHEIRO R$ 500,00 / PIX R$ 2.312,00","R$ 387,00",Higor Guedes,CELL,NAO,,valor da venda = 3012 | 2312 pix + 700 dinheiro | brinde 25
11/06/2026,IPHONE 13 128GB PRETO SEMINOVO,35 108439 994363 7,"R$ 1.950,00",R$ -,"R$ 1.750,00",PIX,"R$ 200,00",Higor Guedes,CELL,NAO,,valor da venda = 1950 | 1950 pix
11/06/2026,IPHONE 14 PLUS 256GB BRANCO SEMINOVO,356752985194154,"R$ 2.632,00","R$ 30,00","R$ 2.300,00","R$ 3.100,00 CR√âDITO 15X","R$ 302,00",Ronald,CASES,SIM,So extraiu: 2629.11 credito de 2632 ‚Üí falta R$ 3 sem valor explicito no texto,
11/06/2026,IPHONE 14 PLUS 128GB LILAS SEMINOVO,35 675298 370320 4,"R$ 2.650,00","R$ 25,00","R$ 2.200,00","R$ 1.851,86 em 10x / PIX R$ 500,00 / DINHEIRO R$ 500,00","R$ 425,00",Guilherme,BLOCO B,NAO,,valor da venda = 2650 | 500 pix + 500 dinheiro + 1650 credito (visa 10x (taxa 10.9%)) | brinde 25
12/06/2026,POCO X8 PRO 256GB BRANCO NOVO,866132086776923,"R$ 2.180,00",R$ -,"R$ 2.050,00",PIX,"R$ 130,00",Marcela,ONLINE,NAO,,valor da venda = 2180 | 2180 pix
12/06/2026,IPHONE 14 128GB PRETO SEMINOVO,35 776985 258066 0,"R$ 2.350,00","R$ 42,00","R$ 1.900,00",PIX,"R$ 408,00",Renata,,NAO,,valor da venda = 2350 | 2350 pix | brinde 42
12/06/2026,IPHONE 17 PRO 256GB BRANCO NOVO,357679991655465,"R$ 7.054,00","R$ 45,00","R$ 6.750,00","Pix 3000,00/ 4054 em 10x","R$ 259,00",Marcela,ONLINE,NAO,,valor da venda = 7054 | 3000 pix + 4054 credito | brinde 45
12/06/2026,REDMI NOTE 15 5G 256GB ROXO LACRADO,865292089040460,"R$ 1.513,00",R$ -,"R$ 1.400,00",PIX,"R$ 113,00",Marcela,ONLINE,NAO,,valor da venda = 1513 | 1513 pix
12/06/2026,IPHONE 14 256GB PRETO SEMINOVO,35 415525 920041 2,"R$ 2.300,00","R$ 25,00","R$ 2.000,00",PIX,"R$ 275,00",Ana Beatriz,CASES,NAO,,valor da venda = 2300 | 2300 pix | brinde 25
12/06/2026,APPLE WATCH S√âRIE 11 42MM ROSE GOLD NOVO,LTC2HXQJRW,"R$ 2.480,00",R$ -,"R$ 2.300,00",PIX,"R$ 180,00",Renan,BLOCO B,NAO,,valor da venda = 2480 | 2480 pix
12/06/2026,IPHONE 17 PRO 256GB LARANJA SEMINOVO,35 666140 370685 5,"R$ 7.100,00","R$ 40,00","R$ 6.300,00","6.257,11 CREDITO 12X/ 1.000,00 PIX","R$ 760,00",Ronald,CASES,SIM,Extracao excede venda em R$ 157: extraiu 1000 pix + 6257.11 credito = 7257 > venda 7100 ‚Üí texto descreve pagamento de outros itens,
12/06/2026,IPHONE 13 PRO MAX 128GB AZUL SEMINOVO,355777918114145,"R$ 2.775,00","R$ 25,00","R$ 2.600,00","R$ 3.150,00 CR√âDITO 10X","R$ 150,00",Ronald,CASES,NAO,,valor da venda = 2775 | 2775 credito (elo 10x (taxa 11.9%)) | brinde 25
12/06/2026,IPHONE 15 PRO MAX 256GB NATURAL SEMINOVO,354934250608587,"R$ 3.950,00","R$ 25,00","R$ 3.700,00",PIX,"R$ 225,00",Ronald,CASES,NAO,,valor da venda = 3950 | 3950 pix | brinde 25
12/06/2026,SAMSUNG A07 128GB PRETO NOVO,35 027267 245845 3,"R$ 710,00",R$ -,"R$ 570,00","760,87 em 4x","R$ 140,00",Guilherme,BLOCO B,NAO,,valor da venda = 710 | 710 credito (visa 4x (taxa 6.7%))
12/06/2026,SAMSUNG S10 FE 256GB GREY NOVO,R5GL33TWGS,"R$ 2.603,00",R$ -,"R$ 2.449,00","1800,00 em 10x / Pix : 1000,00","R$ 154,00",Guilherme,BLOCO B,NAO,,valor da venda = 2603 | 1000 pix + 1603 credito (visa 10x (taxa 10.9%))
12/06/2026,IPHONE 17 PRO MAX 256GB AZUL NOVO,359178372863168,"R$ 7.750,00",R$ -,"R$ 7.470,00",PIX,"R$ 280,00",Camila,CELL,NAO,,valor da venda = 7750 | 7750 pix
12/06/2026,IPHONE 12 VERMELHO 64GB SEMINOVO,35303611166370,"R$ 1.320,00",R$ -,"R$ 1.150,00",R$1320 no pix,"R$ 170,00",Renan,BLOCO B,NAO,,valor da venda = 1320 | 1320 pix
13/06/2026,IPHONE 13 BRANCO 256GB SEMINOVO,35 869173 264608 2,"R$ 2.200,00","R$ 25,00","R$ 1.900,00",PIX,"R$ 275,00",Marcela,ONLINE,NAO,,valor da venda = 2200 | 2200 pix | brinde 25
13/06/2026,IPHONE 15 PRO MAX 256GB PRETO SEMINOVO,35 727579 117397 1,"R$ 4.000,00",R$ -,"R$ 3.700,00",PIX,"R$ 300,00",Renan,BLOCO B,NAO,,valor da venda = 4000 | 4000 pix
13/06/2026,IPHONE 16 PRO 128GB DESERT SEMINOVO,351895491457790,"R$ 4.500,00",R$ -,"R$ 4.140,00","R$ 2.200,00 DINHEIRO / ENTRADA IPHONE 13 PRO MAX 128GB AZUL SEMINOVO R$ 2.300,00","R$ 360,00",Ronald,CASES,NAO,,valor da venda = 4500 | 2200 dinheiro + 2300 troca
13/06/2026,IPHONE 16 PRO MAX 256GB PRETO SEMINOVO,356744602694336,"R$ 5.400,00",R$ -,"R$ 4.950,00","R$ 2.300 no pix + 199,00 no pix + pegando um iPhone 15 256 preto","R$ 450,00",Angel,BLOCO B,SIM,So extraiu: 2499 pix de 5400 ‚Üí falta R$ 2901 sem valor explicito no texto; Vendedor Angel - pendente ID real,
13/06/2026,IPHONE 14 128GB PRETO SEMINOVO,35 125318 995366 4,"R$ 2.091,00","R$ 25,00","R$ 1.900,00","PIX R$ 211,00 / PIX R$ 1.680,00 / DINHEIRO R$ 200,00","R$ 166,00",Ruyter,CASES,NAO,,valor da venda = 2091 | 1891 pix + 200 dinheiro | brinde 25
13/06/2026,IPHONE 13 PRO MAX 128GB PRETO SEMINOVO,351016090159006,"R$ 2.780,00","R$ 15,00","R$ 2.600,00","PIX R$ 2.700,00 / PIX R$ 80,00","R$ 165,00",Higor Guedes,CELL,NAO,,valor da venda = 2780 | 2780 pix | brinde 15
13/06/2026,IPHONE 17 PRO MAX 256GB AZUL NOVO,,"R$ 8.192,00","R$ 15,00","R$ 7.670,00","PIX R$ 3.742,00 / ENTRADA IPH 16 PRO 256GB DESERT R$ 4.450,00","R$ 507,00",Higor Guedes,CELL,SIM,Sem IMEI,valor da venda = 8192 | 3742 pix + 4450 troca | brinde 15
14/06/2026,IPHONE 17 PRO MAX 256GB AZUL NOVO,358434709486764,"R$ 9.500,00",R$ -,"R$ 8.800,00","R$4.778,16 CR√âDITO 12X / ENTRADA IPH 14 PRO MAX ROXO 256GB R$ 3.000,00 / IPH 13 PRO 256GB R$ 2.300,00","R$ 700,00",Ronald,CASES,NAO,,valor da venda = 9500 | 4200 credito (visa 12x (taxa 12.1%)) + 5300 troca
14/06/2026,IPHONE 13 128GB PRETO SEMINOVO,356052832405030,"R$ 1.930,00","R$ 10,00","R$ 1.750,00",PIX,"R$ 170,00",Higor Guedes,CELL,NAO,,valor da venda = 1930 | 1930 pix | brinde 10
14/06/2026,IPHONE 17 PRO 256GB BRANCO NOVO,353407733508683,"R$ 7.424,00","R$ 10,00","R$ 6.800,00","PIX R$ 5.524,00 / ENTRADA IPHONE 14 128GB 1.900,00","R$ 614,00",Higor Guedes,CELL,NAO,,valor da venda = 7424 | 5524 pix + 1900 troca | brinde 10
14/06/2026,IPHONE 17 PRO MAX 512GB AZUL NOVO,,"R$ 9.592,00","R$ 25,00","R$ 8.800,00","PIX 7.592,00 / ENTRADA IPH 16 PRO MAX DESERT 512GB 2.000,00","R$ 767,00",Higor Guedes,CELL,SIM,Sem IMEI,valor da venda = 9592 | 7592 pix + 2000 troca | brinde 25
14/06/2026,IPHONE 13 PRO MAX 128GB AZUL SEMINOVO,35 396781 410697 0,"R$ 2.830,00","R$ 25,00","R$ 2.600,00",PIX,"R$ 205,00",Higor Guedes,CELL,NAO,,valor da venda = 2830 | 2830 pix | brinde 25
16/06/2026,IPHONE 17E 256GB BRANCO NOVO,358835897106321,"R$ 3.900,00",R$ -,"R$ 3.550,00","R$15.600,00 no pix - PAGAMENTO JUNTO APARELHO 1/4","R$ 350,00",Renan,BLOCO B,NAO,,grupo 5 (115 e 116 e 117 e 118): valor da venda = 3900 | 3900 pix = 3900 | grupo R$ 15600
16/06/2026,IPHONE 17E 256GB BRANCO NOVO,351101756151594,"R$ 3.900,00",R$ -,"R$ 3.550,00",PAGAMENTO JUNTO APARELHO 2/4,"R$ 350,00",Renan,BLOCO B,NAO,,grupo 5 (115 e 116 e 117 e 118): valor da venda = 3900 | 3900 pix = 3900 | grupo R$ 15600
16/06/2026,IPHONE 17E 256GB BRANCO NOVO,357457926697914,"R$ 3.900,00",R$ -,"R$ 3.550,00",PAGAMENTO JUNTO APARELHO 3/4,"R$ 350,00",Renan,BLOCO B,NAO,,grupo 5 (115 e 116 e 117 e 118): valor da venda = 3900 | 3900 pix = 3900 | grupo R$ 15600
16/06/2026,IPHONE 17E 256GB PRETO NOVO,358835898948200,"R$ 3.900,00",R$ -,"R$ 3.600,00",PAGAMENTO JUNTO APARELHO 4/4,"R$ 300,00",Renan,BLOCO B,NAO,,grupo 5 (115 e 116 e 117 e 118): valor da venda = 3900 | 3900 pix = 3900 | grupo R$ 15600
16/06/2026,IPHONE 17 PRO MAX 256GB AZUL NOVO,357247251305757,"R$ 7.600,00",R$ -,"R$ 7.450,00","R$2650,00 no pix + pegando um 16 pro max desert 256gb por R$4950,00","R$ 150,00",Renan,BLOCO B,NAO,,valor da venda = 7600 | 2650 pix + 4950 troca
16/06/2026,IPHONE 15 PRO MAX 256GB AZUL SEMINOVO,,"R$ 4.075,00",R$ -,"R$ 3.950,00","PIX 4040,00 / DINHEIRO 35,00","R$ 125,00",Higor Guedes,CELL,SIM,So extraiu: 4040 pix de 4075 ‚Üí falta R$ 35 sem valor explicito no texto; Sem IMEI,
17/06/2026,POCO X8 PRO MAX 512GB PRETO LACRADO,860534086155261,"R$ 3.150,00","R$ 5,00","R$ 3.000,00",PIX,"R$ 145,00",Camila,CELL,NAO,,valor da venda = 3150 | 3150 pix | brinde 5
17/06/2026,POCO PAD M1 256GB GRAY NOVO,71114/Y6PS00360,"R$ 2.050,00","R$ 155,00","R$ 1.520,00",PIX,"R$ 375,00",Marcela,ONLINE,NAO,,valor da venda = 2050 | 2050 pix | brinde 155
17/06/2026,IPHONE 17 PRO MAX 256GB SILVER SEMINOVO,35. 524665.496195-2,"R$ 7.150,00","R$ 25,00","R$ 6.600,00","PIX de R$ 2.200,00 / IPHONE 16 PRO MAX 256GB de entrada no valor de R$ 4.950,00","R$ 525,00",Renata,,NAO,,valor da venda = 7150 | 2200 pix + 4950 troca | brinde 25
17/06/2026,LARK HOLLYLAND M2 NOVO,C6HX222JWYG,"R$ 893,00",R$ -,"R$ 700,00",Cr√©dito 3x,"R$ 193,00",Marcela,ONLINE,NAO,,valor da venda = 893 | 893 credito
17/06/2026,IPHONE 14 PRO MAX 256GB ROXO SEMINOVO,35 027005 249333 0,"R$ 3.562,00","R$ 45,00","R$ 3.200,00","1.847,83 em 5x / Entrando 14 plus 128 Gb vermelho a 1850,00","R$ 317,00",Guilherme,BLOCO B,NAO,,valor da venda = 3562 | 1712 credito (visa 5x (taxa 7.3%)) + 1850 troca | brinde 45
17/06/2026,IPHONE 14 PLUS 256GB BRANCO SEMINOVO,35 989387 679538 1,"R$ 2.400,00",R$ -,"R$ 2.300,00",PIX,"R$ 100,00",Guilherme,BLOCO B,NAO,,valor da venda = 2400 | 2400 pix
17/06/2026,IPHONE 15 128GB PRETO SEMINOVO,,"R$ 2.900,00","R$ 25,00","R$ 2.660,00","PIX R$ 1.900,00 / ENTRADA IPH 13 PRO MAX R$ 1.000,00","R$ 215,00",Higor Guedes,CELL,SIM,Sem IMEI,valor da venda = 2900 | 1900 pix + 1000 troca | brinde 25
17/06/2026,IPHONE 17 PRO MAX 256GB BRANCO NOVO,359652120714477,"R$ 8.080,00","R$ 25,00","R$ 7.400,00","PIX R$ 200,00 / PIX R$ 130,00 / PIX R$ 3.600,00 / ENTRADA IPH 16 PRO MAX R$ 4.100,00","R$ 655,00",Higor Guedes,CELL,SIM,So extraiu: 3930 pix + 4100 troca de 8080 ‚Üí falta R$ 50 sem valor explicito no texto,
17/06/2026,IPHONE 17 PRO 256GB SILVER NOVO,352574675156523,"R$ 7.250,00","R$ 50,00","R$ 6.650,00","R$5.850,42 CREDITO 18X","R$ 550,00",Ronald,CASES,SIM,So extraiu: 5850.42 credito de 7250 ‚Üí falta R$ 1400 sem valor explicito no texto,
17/06/2026,SAMSUNG A56 256GB CINZA NOVO,354403794418663,"R$ 2.250,00",R$ -,"R$ 2.200,00","R$ 2.250,00 PIX","R$ 50,00",Ronald,CASES,NAO,,valor da venda = 2250 | 2250 pix
18/06/2026,IPHONE 16 128GB AZUL NOVO,354977708767778,"R$ 4.050,00","R$ 10,00","R$ 3.900,00",PIX,"R$ 140,00",Renan,BLOCO B,NAO,,valor da venda = 4050 | 4050 pix | brinde 10
18/06/2026,IPAD 11 A16 WIFI 128GB SILVER NOVO,D210DTQ9XH,"R$ 2.503,00",R$ -,"R$ 2.200,00",PIX,"R$ 303,00",Renata,,NAO,,valor da venda = 2503 | 2503 pix
19/06/2026,IPHONE 16 PRO 256GB PRETO SEMINOVO,35270394 500196 7,"R$ 4.700,00","R$ 25,00","R$ 4.400,00",CREDITO 18X,"R$ 275,00",Marcela,ONLINE,NAO,,valor da venda = 4700 | 4700 credito | brinde 25
19/06/2026,IPHONE 14 128GB BRANCO SEMINOVO,35 223685 266352 9,"R$ 2.100,00","R$ 25,00","R$ 1.900,00",DINHEIRO,"R$ 175,00",Marcela,BALCAO,NAO,,valor da venda = 2100 | 2100 dinheiro | brinde 25
19/06/2026,XIAOMI 15T 512GB PRETO NOVO,866839081675401,"R$ 3.750,00","R$ 20,00","R$ 3.600,00",PIX,"R$ 130,00",Ronald,CASES,NAO,,valor da venda = 3750 | 3750 pix | brinde 20
19/06/2026,NOTE 15 PRO PLUS 512GB NOVO,864509082904843,"R$ 2.480,00",R$ -,"R$ 2.400,00",PIX,"R$ 80,00",Ronald,CASES,NAO,,valor da venda = 2480 | 2480 pix
19/06/2026,IPHONE 17 256GB VERDE NOVO,355989444640671,"R$ 5.380,00","R$ 130,00","R$ 4.900,00","R$ 4.150,00 PIX/ R$ 30,00 PIX / ENTRADA IPH 12 256GB PRETO R$ 1.200,00","R$ 350,00",Ronald,CASES,NAO,,valor da venda = 5380 | 4180 pix + 1200 troca | brinde 130
19/06/2026,IPHONE 17 256GB BRANCO NOVO,355989445638435,"R$ 5.386,00","R$ 10,00","R$ 4.950,00","PIX R$ 1.100,00 / ENTRADA IPH 14 PRO ROXO R$ 2.200,00 / PIX R$ 2.086,00","R$ 426,00",Raissa,CELL,NAO,,valor da venda = 5386 | 3186 pix + 2200 troca | brinde 10
19/06/2026,IPHONE 16 PRO 128GB NATURAL SEMINOVO,35 610215 3998111,"R$ 4.200,00",R$ -,"R$ 4.050,00",PIX,"R$ 150,00",Ruyter,CASES,NAO,,valor da venda = 4200 | 4200 pix
19/06/2026,IPHONE 14 PRO MAX 128GB SEMINOVO,35 604140 629777 4,"R$ 3.200,00",R$ -,"R$ 3.075,00",PIX,"R$ 125,00",Camila,CELL,NAO,,valor da venda = 3200 | 3200 pix
19/06/2026,IPHONE 11 64GB PRETO SEMINOVO,35 117477 721195,"R$ 730,00",R$ -,"R$ 600,00",PIX,"R$ 130,00",Higor Guedes,CELL,NAO,,valor da venda = 730 | 730 pix
19/06/2026,IPHONE 17 PRO MAX 256GB BRANCO SEMINOVO,350247152428044,"R$ 6.850,00","R$ 10,00","R$ 6.600,00","PIX R$ 2.750,00 / ENTRADA IPH 15 PRO MAX R$ 4.100,00","R$ 240,00",Higor Guedes,CELL,NAO,,valor da venda = 6850 | 2750 pix + 4100 troca | brinde 10
19/06/2026,IPHONE 15 PRO MAX 256GB PRETO SEMINOVO,351503402247645,"R$ 4.000,00","R$ 10,00","R$ 3.800,00","PIX R$ 2.900,00 / PIX R$ 1.700,00 / ENTRADA IPHONE 12 R$ 1.000,00 / ENTRADA S24 ULTRA R$ 3.500,00 (PAGAMENTO JUNTO - APARELHO 1)","R$ 190,00",Higor Guedes,CELL,SIM,"Pagto grupo 6 (total R$ 9100): extraiu 4500 troca deste device, restante R$ 0 compartilhado no grupo",grupo 6 (143 e 144): valor da venda = 4000 | 4500 troca = 4500 | grupo R$ 9100
19/06/2026,IPHONE 16 PRO MAX NATURAL SEMINOVO,3563088688131377,"R$ 5.100,00","R$ 15,00","R$ 4.800,00",PAGAMENTO JUNTO - APARELHO 2,"R$ 285,00",Higor Guedes,CELL,NAO,,grupo 6 (143 e 144): valor da venda = 5100 | 5100 pix = 5100 | grupo R$ 9100
20/06/2026,IPHONE 16 PRO MAX 1TB BRANCO SEMINOVO,35 630886 029101 9,"R$ 5.920,00","R$ 45,00","R$ 5.200,00",PIX,"R$ 675,00",Camila,CELL,NAO,,valor da venda = 5920 | 5920 pix | brinde 45
20/06/2026,IPHONE 15 PRO MAX 256GB BRANCO SEMINOVO,35 549693 269452 5,"R$ 4.000,00","R$ 15,00","R$ 3.800,00",PIX,"R$ 185,00",Marcela,ONLINE,NAO,,valor da venda = 4000 | 4000 pix | brinde 15
20/06/2026,IPHONE 17 PRO MAX 256GB AZUL NOVO,355101479323146,"R$ 7.300,00","R$ 5,00","R$ 7.000,00","100,00 dinheiro / 2400,00 pix / entrou um 16 pro Max 4800,00","R$ 295,00",Marcela,ONLINE,NAO,,valor da venda = 7300 | 2400 pix + 100 dinheiro + 4800 troca | brinde 5
20/06/2026,IPAD 11 A16 128GB AZUL NOVO,FH20FMGHR2,"R$ 2.373,00",R$ -,"R$ 2.230,00","2373,00 em 12","R$ 143,00",Marcela,ONLINE,NAO,,valor da venda = 2373 | 2373 pix
20/06/2026,IPHONE 15 PRO MAX 256GB AZUL SEMINOVO,35 807124 500208 3,"R$ 4.178,00","R$ 60,00","R$ 3.800,00","4178,00 em 10x","R$ 318,00",Marcela,ONLINE,NAO,,valor da venda = 4178 | 4178 credito | brinde 60
20/06/2026,IPAD 11 128GB AZUL NOVO,CH07LGKN17,"R$ 2.596,00","R$ 130,00","R$ 2.230,00","1100,00 pix / 1496,00 em 10x","R$ 236,00",Marcela,ONLINE,NAO,,valor da venda = 2596 | 1100 pix + 1496 credito | brinde 130
20/06/2026,SAMSUNG S24 ULTRA 256GB PRETO SEMINOVO,351339860509485,"R$ 3.875,00","R$ 10,00","R$ 3.500,00","PIX R$ 2.730,00 / PIX R$ 1.000,00 /R$ 150,00 CREDITO","R$ 365,00",Ronald,CASES,NAO,,valor da venda = 3875 | 3730 pix + 145 credito (visa 1x (taxa 3.9%)) | brinde 10
20/06/2026,IPHONE 15 128GB PRETO SEMINOVO,356758346462891,"R$ 2.890,00","R$ 10,00","R$ 2.650,00","R$ 3.288,00 CREDITO 12X","R$ 215,00",Ronald,CASES,NAO,,valor da venda = 2890 | 2890 credito (visa 12x (taxa 12.1%)) | brinde 10
20/06/2026,IPHONE 16 PRO MAX 256GB DESERT SEMINOVO,35 762631 919678,"R$ 5.000,00","R$ 25,00","R$ 4.800,00","R$ 2.500,00 PIX","R$ 175,00",Ronald,CASES,SIM,So extraiu: 2500 pix de 5000 ‚Üí falta R$ 2500 sem valor explicito no texto,
20/06/2026,IPHONE 17 PRO MAX 256GB SILVER NOVO,350230977615276,"R$ 7.600,00","R$ 55,00","R$ 7.250,00","$ 5.435,00 EM 6X / ENTRADA IPH 13 PRO MAX R$ 2.600,00","R$ 295,00",Ana Beatriz,CASES,NAO,,valor da venda = 7600 | 5000 credito (visa 6x (taxa 8.0%)) + 2600 troca | brinde 55
20/06/2026,IPHONE 16 PRO MAX 512GB SEMINOVO - GARANTIA APARELHO 26.02,35 686456 200300 3,"R$ 6.450,00","R$ 25,00","R$ 5.920,00","R$ 4.282,28 18x / ENTRADA IPHONE 15 512GB a 2.900,00","R$ 505,00",Guilherme,BLOCO B,SIM,So extraiu: 2900 troca de 6450 ‚Üí falta R$ 3550 sem valor explicito no texto,
20/06/2026,IPHONE 16 PRO MAX 256GB DESERT SEMINOVO,359518870896865,"R$ 5.100,00","R$ 40,00","R$ 4.800,00","PIX R$ 4.700,00 / ENTRADA IPH XR R$ 400,00","R$ 260,00",Raissa,CELL,NAO,,valor da venda = 5100 | 4700 pix + 400 troca | brinde 40
20/06/2026,IPHONE 14 LILAS 128GB SEMINOVO,355794422126853,"R$ 2.100,00","R$ 15,00","R$ 1.900,00",PIX,"R$ 185,00",Higor Guedes,CELL,NAO,,valor da venda = 2100 | 2100 pix | brinde 15
20/06/2026,IPHONE 12 128GB PRETO SEMINOVO,35 349092 9449011,"R$ 1.280,00","R$ 10,00","R$ 1.160,00","PIX R$ 1.000,00/ DINHEIRO R$ 280,00","R$ 110,00",Higor Guedes,CELL,NAO,,valor da venda = 1280 | 1000 pix + 280 dinheiro | brinde 10
20/06/2026,MACBOOK NEO 256GB AZUL NOVO,,"R$ 4.527,00",R$ -,"R$ 4.350,00",PIX,"R$ 177,00",Higor Guedes,CELL,SIM,Sem IMEI,valor da venda = 4527 | 4527 pix
20/06/2026,IPHONE 17 PRO 256GB BRANCO NOVO,,"R$ 7.176,00","R$ 15,00","R$ 6.750,00","PIX R$ 4.526,00 / ENTRADA IPH 14 PRO 128GB R$ 2.650,00","R$ 411,00",Higor Guedes,CELL,SIM,Sem IMEI,valor da venda = 7176 | 4526 pix + 2650 troca | brinde 15
20/06/2026,IPHONE 17 PRO MAX 256GB BRANCO SEMINOVO,35 864038 078212 9,"R$ 7.350,00","R$ 25,00","R$ 6.600,00","PIX R$ 6.150,00 / ENTRADA IPH 12 PRO MAX 128GB R$ 1.200,00","R$ 725,00",Higor Guedes,CELL,NAO,,valor da venda = 7350 | 6150 pix + 1200 troca | brinde 25
20/06/2026,IPHONE 14 PRO MAX 256GB ROXO SEMINOVO,35 9761973185063,"R$ 3.562,00","R$ 25,00","R$ 3.150,00",GARANTIA,"R$ 387,00",Guilherme,BLOCO B,SIM,"Nada extraiu de 3562 ‚Üí formas ""garantia"" sem valores no texto",
21/06/2026,IPHONE 15 128GB ROSA SEMINOVO - GARANTIA APARELHO 15.05,35 868452 527624 1,"R$ 2.970,00","R$ 15,00","R$ 2.650,00","Entrou 13 pro Max seminovo por 2550,00 e pagou 420 em 3x (Celular est√° piscando a tela)",R$ -,Marcela,,SIM,So extraiu: 420 credito de 2970 ‚Üí falta R$ 2550 sem valor explicito no texto,
21/06/2026,IPHONE 17 PRO MAX 256GB LARANJA NOVO,357247257803680,"R$ 7.420,00","R$ 60,00","R$ 6.900,00",PIX,"R$ 460,00",Marcela,ONLINE,NAO,,valor da venda = 7420 | 7420 pix | brinde 60
21/06/2026,IPHONE 15 PRO MAX 256GB AZUL SEMINOVO,35 696446 241780 6,"R$ 4.170,00","R$ 25,00","R$ 3.800,00","4170,00 em 12x","R$ 345,00",Marcela,ONLINE,NAO,,valor da venda = 4170 | 4170 credito | brinde 25
21/06/2026,IPHONE 15 PRO MAX 256GB BRANCO SEMINOVO,356964461952969,"R$ 4.000,00","R$ 35,00","R$ 3.600,00","PIX: R$ 4.000,00","R$ 365,00",Ana Beatriz,CASES,NAO,,valor da venda = 4000 | 4000 pix | brinde 35
21/06/2026,IPHONE 17 PRO MAX 256GB NOVO AZUL,35 724725 764905 9,"R$ 7.350,00","R$ 5,00","R$ 7.000,00","3.350,00 pix + 1.500,00 pix + R$500,00 Dinheiro, entrando um iPhone 12 Pro Max 256GB R$2.000,00","R$ 345,00",Angel,BLOCO B,SIM,So extraiu: 4850 pix + 500 dinheiro de 7350 ‚Üí falta R$ 2000 sem valor explicito no texto; Vendedor Angel - pendente ID real,
21/06/2026,IPHONE 12 128GB PRETO SEMINOVO,35 336173 764611 6,"R$ 1.455,00","R$ 23,00","R$ 1.160,00","1455,00 em 7x","R$ 272,00",Marcela,ONLINE,NAO,,valor da venda = 1455 | 1455 credito | brinde 23
21/06/2026,IPHONE 15 PLUS 128GB PRETO NOVO,357977669432302,"R$ 4.500,00","R$ 15,00","R$ 4.300,00",PIX,"R$ 185,00",Marcela,ONLINE,NAO,,valor da venda = 4500 | 4500 pix | brinde 15
21/06/2026,IPHONE 17 PRO 256GB BRANCO NOVO,352574675400509,"R$ 6.950,00","R$ 5,00","R$ 6.750,00","1000,00 dinheiro/300,00 pix / 5650,00 cr√©dito 10x","R$ 195,00",Marcela,ONLINE,NAO,,valor da venda = 6950 | 300 pix + 1000 dinheiro + 5650 credito | brinde 5
21/06/2026,IPHONE 17 PRO MAX 256GB BRANCO NOVO,357920795494028,"R$ 7.400,00","R$ 5,00","R$ 7.250,00","2600,0 pix/ entrou um 16 pro Max seminovo por 4800,00","R$ 145,00",Marcela,ONLINE,NAO,,valor da venda = 7400 | 2600 pix + 4800 troca | brinde 5
21/06/2026,IPHONE 17 PRO MAX 256GB LARANJA NOVO,359178371574212,"R$ 7.300,00","R$ 20,00","R$ 6.900,00","1000,00 pix/ 190,00 pix /pagou 2600,00 em 12x / entrou um 15 pro Max seminovo por 3700,00 - PAGAMENTO JUNTO APARELHO 1","R$ 380,00",Marcela,ONLINE,NAO,,grupo 7 (172 e 173): valor da venda = 7300 | 1000 pix + 6300 troca = 7300 | grupo R$ 7490
21/06/2026,FONTE ORIGINAL APPLE BRANCO NOVO,C4H61040G83Q8YQA3,"R$ 190,00",R$ -,"R$ 125,00",PAGAMENTO JUNTO APARELHO 2,"R$ 65,00",Marcela,ONLINE,NAO,,grupo 7 (172 e 173): valor da venda = 190 | 190 pix = 190 | grupo R$ 7490
21/06/2026,IPHONE 17 PRO MAX 256GB LARANJA NOVO,35 9178371686834,"R$ 7.360,00","R$ 70,00","R$ 6.900,00",PIX,"R$ 390,00",Marcela,ONLINE,NAO,,valor da venda = 7360 | 7360 pix | brinde 70
21/06/2026,IPHONE 13 PRO MAX 128GB AZUL SEMINOVO,358074296851614,"R$ 3.115,00","R$ 50,00","R$ 2.550,00",3000 8x / 35 PIX / 80 PIX,"R$ 236,00",Raissa,CELL,SIM,So extraiu: 115 pix de 3115 ‚Üí falta R$ 3000 sem valor explicito no texto,
21/06/2026,IPHONE 14 PRO MAX 128GB BRANCO SEMINOVO,353360940717383,"R$ 3.660,00","R$ 40,00","R$ 3.075,00",3660 8x,"R$ 205,00",Raissa,CELL,NAO,,valor da venda = 3660 | 3660 pix | brinde 40
21/06/2026,IPHONE 13 PRO MAX 512GB AZUL SEMINOVO,359330188973216,"R$ 3.250,00","R$ 25,00","R$ 2.900,00",1600 8x / 550 1X / 1100 PIX,"R$ 154,00",Raissa,CELL,SIM,So extraiu: 1100 pix de 3250 ‚Üí falta R$ 2150 sem valor explicito no texto,
21/06/2026,IPHONE 16 PRO MAX 256GB DESERT SEMINOVO,35 759087 501528 0,"R$ 5.150,00","R$ 5,00","R$ 4.800,00","R$5150,00 PIX","R$ 345,00",Renan,BLOCO B,NAO,,valor da venda = 5150 | 5150 pix | brinde 5
21/06/2026,IPHONE 16 PRO MAX 256GB PRETO SEMINOVO,35 057241 297808 6,"R$ 5.100,00","R$ 25,00","R$ 4.800,00",PIX,"R$ 275,00",Renan,BLOCO B,NAO,,valor da venda = 5100 | 5100 pix | brinde 25
21/06/2026,IPHONE 17 PRO MAX 256GB AZUL NOVO,357247257995858,"R$ 7.350,00","R$ 20,00","R$ 7.000,00",PIX,"R$ 320,00",Ronald,CASES,NAO,,valor da venda = 7350 | 7350 pix | brinde 20
21/06/2026,IPHONE 13 PRO MAX 128GB GRAFITE SEMINOVO,351596246648317,"R$ 2.700,00","R$ 20,00","R$ 2.550,00","R$ R$3.030,30 CR√âDITO 10x","R$ 130,00",Ronald,CASES,NAO,,valor da venda = 2700 | 2700 credito (visa 10x (taxa 10.9%)) | brinde 20
21/06/2026,IPHONE 13 128GB ROSA SEMINOVO,355611223279998,"R$ 1.850,00",R$ -,"R$ 1.700,00","R$ 650,00 DINHEIRO / ENTRADA IPH 14 128GB PRETO R$ 1.200,00","R$ 150,00",Ronald,CASES,NAO,,valor da venda = 1850 | 650 dinheiro + 1200 troca
21/06/2026,IPHONE 11 128GB LILAS SEMINOVO,,"R$ 800,00",R$ -,"R$ 700,00",PIX,"R$ 100,00",Higor Guedes,CELL,SIM,Sem IMEI,valor da venda = 800 | 800 pix
21/06/2026,IPHONE 17 PRO MAX 256GB BRANCO SEMINOVO,35088986579925,"R$ 7.225,00","R$ 145,00","R$ 6.600,00","PIX R$ 4.000,00 / R$ 3.225,00","R$ 480,00",Higor Guedes,CELL,SIM,So extraiu: 4000 pix de 7225 ‚Üí falta R$ 3225 sem valor explicito no texto,
21/06/2026,IPHONE 17 256GB BRANCO NOVO,,"R$ 5.412,00","R$ 15,00","R$ 4.950,00",PIX,"R$ 447,00",Higor Guedes,CELL,SIM,Sem IMEI,valor da venda = 5412 | 5412 pix | brinde 15
21/06/2026,REDMI NOTE 15 PRO 5G PRETO 512GB NOVO,,"R$ 1.910,00",R$ -,"R$ 1.870,00",PIX,"R$ 40,00",Higor Guedes,CELL,SIM,Sem IMEI,valor da venda = 1910 | 1910 pix
21/06/2026,IPHONE 17 PRO MAX 256GB BRANCO NOVO,359652123329802,"R$ 7.650,00","R$ 25,00","R$ 7.250,00","ENTRADA IPH 14 PLUS 128GB LILAS R$ 2.200,00 / PIX R$ 5.450,00","R$ 375,00",Higor Guedes,CELL,NAO,,valor da venda = 7650 | 5450 pix + 2200 troca | brinde 25
21/06/2026,IPHONE 17 PRO MAX 1TB BRANCO NOVO,,"R$ 10.400,00","R$ 25,00","R$ 10.100,00","PIX R$ 3.200,00 / PIX R$ 2.000,00 / ENTRADA IPH 16 PRO MAX R$ 5.200,00","R$ 275,00",Higor Guedes,CELL,SIM,Sem IMEI,valor da venda = 10400 | 5200 pix + 5200 troca | brinde 25
21/06/2026,IPHONE 15 PRO MAX 256GB BRANCO SEMINOVO,,"R$ 4.100,00","R$ 65,00","R$ 3.800,00","PIX R$ 750,00 / PIX R$ 4.766,00 / ENTRADA IPH 14 128GB PRETA R$ 1.750,00 - PAGAMENTO JUNTO, APARELHO 1","R$ 235,00",Higor Guedes,CELL,SIM,Sem IMEI,grupo 8 (189 e 190): valor da venda = 4100 | 2350 pix + 1750 troca = 4100 | grupo R$ 7266
21/06/2026,IPHONE 14 PRO MAX PRETO SEMINOVO,,"R$ 3.166,00","R$ 15,00","R$ 3.075,00",PAGAMENTO JUNTO APARELHO 2,"R$ 76,00",Higor Guedes,CELL,SIM,Sem IMEI,grupo 8 (189 e 190): valor da venda = 3166 | 3166 pix = 3166 | grupo R$ 7266
21/06/2026,IPHONE 17 PRO MAX 256GB SILVER SEMINOVO,35 820613 075988 0,"R$ 6.850,00",R$ -,"R$ 6.600,00","PIX R$ 900,00 / PIX R$ 3.500,00 / ENTRADA IPH 13 PRO MAX R$ 2450","R$ 250,00",Ruyter,CASES,SIM,So extraiu: 4400 pix de 6850 ‚Üí falta R$ 2450 sem valor explicito no texto,
21/06/2026,IPHONE 17 PRO MAX 256GB AZUL NOVO,MFXJ4LL/A,"R$ 7.300,00","R$ 20,00","R$ 7.000,00","R$ 5.700 pix / entrando 13 128GB verde a 1.600,00","R$ 280,00",Guilherme,BLOCO B,NAO,,valor da venda = 7300 | 5700 pix + 1600 troca | brinde 20
23/06/2026,IPHONE 17 PRO MAX 256GB AZUL NOVO,357247257710968,"R$ 7.400,00","R$ 15,00","R$ 7.000,00","460,00 pix /4140,00 pix/ entrou um 14 pro Max seminovo por 2800,00","R$ 385,00",Marcela,ONLINE,NAO,,valor da venda = 7400 | 4600 pix + 2800 troca | brinde 15
23/06/2026,FONTE APPLE ORIGINAL BRANCO,C4H6123284GQ8YQAZ,"R$ 330,00","R$ 35,00","R$ 125,00",PIX,"R$ 170,00",Marcela,ONLINE,NAO,,valor da venda = 330 | 330 pix | brinde 35
23/06/2026,IPHONE 17 PRO MAX 256GB LARANJA NOVO,355101477277286,"R$ 7.203,00","R$ 15,00","R$ 6.900,00","7203,00 em 10x","R$ 288,00",Marcela,ONLINE,NAO,,valor da venda = 7203 | 7203 credito | brinde 15
23/06/2026,IPHONE 17 PRO MAX 256GB LARANJA NOVO,359652126214217,"R$ 7.345,00","R$ 45,00","R$ 6.900,00","Pagou 2545,00 em 6x/ entrou um 16 pro Max 256 seminovo por 4800,00","R$ 400,00",Marcela,ONLINE,NAO,,valor da venda = 7345 | 2545 credito + 4800 troca | brinde 45
23/06/2026,IPHONE 17 PRO MAX 256GB SILVER LACRADO,359372359613163,"R$ 8.372,00","R$ 40,00","R$ 7.250,00","R$ 6996,00 12X / R$ 80,00 1X / ENTRADA IPHONE 11 PRO MAX R$ 1.300,00","R$ 236,00",Raissa,CELL,SIM,So extraiu: 1300 troca de 8372 ‚Üí falta R$ 7072 sem valor explicito no texto,
23/06/2026,IPHONE 16 PRO MAX 1TB NATURAL SEMINOVO,35 922238 047560 5,"R$ 5.566,00",R$ -,"R$ 5.200,00","PIX R$ 3.000,00 / PIX R$ 2.566,00","R$ 366,00",Higor Guedes,CELL,NAO,,valor da venda = 5566 | 5566 pix
23/06/2026,IPHONE 17 PRO MAX 256GB AZUL SEMINOVO,35 928569 115769 1,"R$ 7.500,00","R$ 10,00","R$ 6.600,00","PIX R$ 4.850,00 / ENTRADA IPH 14 PRO 256GB PRETO R$ 2.650,00","R$ 890,00",Higor Guedes,CELL,NAO,,valor da venda = 7500 | 4850 pix + 2650 troca | brinde 10
23/06/2026,IPHONE 17 PRO MAX 256GB BRANCO NOVO,359372358367985,"R$ 7.750,00","R$ 145,00","R$ 7.250,00","PIX R$ 4.000,00 / PIX R$ 1.100,00 / ENTRADA IPH 15 128GB PRETO R$ 2.650,00","R$ 355,00",Higor Guedes,CELL,NAO,,valor da venda = 7750 | 5100 pix + 2650 troca | brinde 145
23/06/2026,IPHONE 17 PRO MAX 256GB AZUL SEMINOVO,35 928569 296526,"R$ 6.950,00","R$ 10,00","R$ 6.600,00","PIX 10900,00 / ENTRADA IPH 14 256GB PRETO R$ 2.150,00 / ENTRADA IPH 13 128GB R$ 1.650,00 ( PAGAMENTO JUNTO- APARELHO 1)","R$ 340,00",Higor Guedes,CELL,NAO,,grupo 9 (201 e 202): valor da venda = 6950 | 3150 pix + 3800 troca = 6950 | grupo R$ 14700
23/06/2026,IPHONE 17 PRO MAX BRANCO NOVO,353763617375619,"R$ 7.750,00","R$ 15,00","R$ 7.250,00",PAGAMENTO JUNTO APARELHO 2,"R$ 485,00",Higor Guedes,CELL,NAO,,grupo 9 (201 e 202): valor da venda = 7750 | 7750 pix = 7750 | grupo R$ 14700
23/06/2026,APPLE WATCH S11 46 MM SPACE GRAY NOVO,mwyy9c3fq5,"R$ 2.450,00","R$ 5,00","R$ 2.750,00",PIX,"R$ 295,00",Guilherme,BLOCO B,NAO,,valor da venda = 2450 | 2450 pix | brinde 5
24/06/2026,IPHONE 17 PRO MAX 256GB LARANJA NOVO,357247258909189,"R$ 7.150,00","R$ 15,00","R$ 6.900,00","7200 pix/ 100,00 pix (PAGAMENTO JUNTO - APARELHO 1)","R$ 235,00",Marcela,ONLINE,NAO,,grupo 10 (204 e 205): valor da venda = 7150 | 7150 pix = 7150 | grupo R$ 7300
24/06/2026,FONTE APPLE ORIGINAL,C4H610305UYQ8YQAU,"R$ 150,00",R$ -,"R$ 125,00",PAGAMENTO JUNTO APARELHO 2,"R$ 25,00",Marcela,ONLINE,NAO,,grupo 10 (204 e 205): valor da venda = 150 | 150 pix = 150 | grupo R$ 7300
24/06/2026,IPHONE 17 PRO MAX 256GB AZUL NOVO,35 724725 881182 3,"R$ 7.500,00","R$ 35,00","R$ 7.000,00","PIX: R$ 1.000,00 / ENTRADA IPHONE 16 PRO MAX R$ 4.800,00","R$ 465,00",Ruyter,CASES,SIM,So extraiu: 1000 pix + 4800 troca de 7500 ‚Üí falta R$ 1700 sem valor explicito no texto,
24/06/2026,IPHONE 16 PRO MAX 256GB NATURAL SEMINOVO,355445520114743,"R$ 5.000,00","R$ 20,00","R$ 4.800,00","R$ 2.200,00 PIX / ENTRADA IPH 14 PRO MAX ROXO 256GB R$ 2.800,00","R$ 180,00",Ronald,CASES,NAO,,valor da venda = 5000 | 2200 pix + 2800 troca | brinde 20
24/06/2026,IPAD 11 128GB SILVER NOVO,J9JJP7WP9G,"R$ 2.410,00","R$ 20,00","R$ 2.230,00","PIX R$ 1.560,00 / R$ 894,72 CR√âDITO 2X","R$ 170,00",Ronald,CASES,NAO,,valor da venda = 2410 | 1560 pix + 850 credito (visa 2x (taxa 5.0%)) | brinde 20
24/06/2026,IPHONE 16 PRO MAX 256GB BRANCO SEMINOVO,,"R$ 5.122,00","R$ 25,00","R$ 4.800,00",PIX,"R$ 297,00",Ruyter,CASES,SIM,Sem IMEI,valor da venda = 5122 | 5122 pix | brinde 25
24/06/2026,IPHONE 17 PRO MAX 256GB LARANJA NOVO,359178370047483,"R$ 7.200,00","R$ 15,00","R$ 6.900,00",PIX,"R$ 285,00",Higor Guedes,CELL,NAO,,valor da venda = 7200 | 7200 pix | brinde 15
24/06/2026,IPHONE 17 PRO MAX 256GB LARANJA NOVO,351205748943701,"R$ 7.000,00",R$ -,"R$ 6.900,00",PIX,"R$ 100,00",Higor Guedes,CELL,NAO,,valor da venda = 7000 | 7000 pix
24/06/2026,IPHONE 17 PRO MAX 256GB SILVER NOVO,35 023097 992742 2,"R$ 7.450,00","R$ 25,00","R$ 7.200,00",R$ 5.000 pix / ENTRANDO 15 PRO MAX 256 GB a 3.700 (PAGAMENTO JUNTO - APARELHO 1),"R$ 225,00",Guilherme,BLOCO B,NAO,,grupo 11 (212 e 213): valor da venda = 7450 | 3750 pix + 3700 troca = 7450 | grupo R$ 8700
24/06/2026,IPHONE 11 PRO 256GB PRETO SEMINOVO,35 323710 200304 4,"R$ 1.250,00","R$ 25,00","R$ 1.000,00",PAGAMENTO JUNTO APARELHO 2,"R$ 225,00",Guilherme,BLOCO B,NAO,,grupo 11 (212 e 213): valor da venda = 1250 | 1250 pix = 1250 | grupo R$ 8700
25/06/2026,IPHONE 17 PRO MAX 256GB LARANJA NOVO,357247258431358,"R$ 7.000,00",R$ -,"R$ 6.900,00",PIX,"R$ 100,00",Ronald,CASES,NAO,,valor da venda = 7000 | 7000 pix
25/06/2026,IPHONE 17 PRO MAX 256GB LARANJA NOVO,359178372430588,"R$ 7.806,00","R$ 10,00","R$ 6.900,00","R$ 3.306,00 cr√©dito 10X / R$ 2.000,00 Pix / ENTRADA IPHONE 15 PRO MAX R$ 2.500,00","R$ 535,00",Raissa,CELL,NAO,,valor da venda = 7806 | 2000 pix + 3306 credito + 2500 troca | brinde 10
25/06/2026,IPHONE 16 128GB VERDE NOVO,356342310956822,"R$ 4.200,00","R$ 5,00","R$ 4.050,00","2550,00 pix/entrou um 13 seminovo por 1650,00","R$ 145,00",Marcela,ONLINE,NAO,,valor da venda = 4200 | 2550 pix + 1650 troca | brinde 5
25/06/2026,IPHONE 17 PRO MAX 256GB SILVER NOVO,351205747937779,"R$ 7.350,00","R$ 5,00","R$ 7.200,00","2550,00 em 18x / entrou um 16 pro Max seminovo por 4800,00","R$ 145,00",Marcela,ONLINE,NAO,,valor da venda = 7350 | 2550 credito + 4800 troca | brinde 5
25/06/2026,IPHONE 17 PRO MAX 256GB AZUL NOVO,351668147569627,"R$ 7.205,00","R$ 15,00","R$ 7.000,00","2405 em 10x /entrou um 16 pro Max seminovo por 4800,00","R$ 190,00",Marcela,ONLINE,NAO,,valor da venda = 7205 | 2405 credito + 4800 troca | brinde 15
25/06/2026,IPHONE 15 256GB PRETA SEMINOVO,35 427870 460700 5,"R$ 3.400,00","R$ 25,00","R$ 2.900,00","3100,00 em 10x / entrou um 11 seminovo por 300,00","R$ 475,00",Marcela,ONLINE,NAO,,valor da venda = 3400 | 3100 credito + 300 troca | brinde 25
25/06/2026,IPHONE 14 128GB BRANCO SEMINOVO,35 424858 965788 8,"R$ 2.200,00","R$ 20,00","R$ 1.900,00","1600,00 em 10x /100 reias dinheiro / entrou um 11 seminovo por 500,00","R$ 280,00",Marcela,ONLINE,SIM,So extraiu: 1600 credito + 500 troca de 2200 ‚Üí falta R$ 100 sem valor explicito no texto,
25/06/2026,IPHONE 15 PRO MAX 512GB PRETO SEMINOVO,35 457035 9750878,"R$ 4.300,00",R$ -,"R$ 4.100,00","R$3.400,00 PIX / R$ 700,00 PIX","R$ 200,00",Ronald,CASES,SIM,So extraiu: 4100 pix de 4300 ‚Üí falta R$ 200 sem valor explicito no texto,
25/06/2026,IPHONE 17 PRO MAX 256GB AZUL NOVO,357247257477469,"R$ 7.300,00","R$ 15,00","R$ 7.000,00","3500,00 pix / entrou um 15 pro Max seminovo por 3800,00","R$ 285,00",Marcela,ONLINE,NAO,,valor da venda = 7300 | 3500 pix + 3800 troca | brinde 15
25/06/2026,IPHONE 15 PRO MAX 256GB PRETO SEMINOVO,358862620187345,"R$ 4.000,00","R$ 25,00","R$ 3.800,00","PIX R$ 1.000,00 / DINHEIRO R$ 3.000,00","R$ 175,00",Raissa,CELL,NAO,,valor da venda = 4000 | 1000 pix + 3000 dinheiro | brinde 25
25/06/2026,IPHONE 17 PRO MAX 256GB LARANJA NOVO,,"R$ 7.200,00","R$ 35,00","R$ 6.900,00","14 PRO MAX 128GB de entrada no valor de R$ 2.900,00 / PIX de R$ 4.300,00","R$ 265,00",Renata,,SIM,Sem IMEI,valor da venda = 7200 | 4300 pix + 2900 troca | brinde 35
30/06/2026,REDMI PAD 2 128GB GRAFIT NOVO,65520/W5Z501219,"R$ 1.200,00",,"R$ 900,00",PIX,"R$ 210,00",Higor Guedes,CELL,NAO,,valor da venda = 1200 | 1200 pix
