orig_linha,data,modelo,imei,valor_venda,brinde,custo,lucro,pix,dinheiro,cartao_credito,cartao_debito,troca_aparelho,soma_pagamentos,diferenca,formas_pgto,tem_troca,modelo_troca,valor_troca,pagto_junto,pagto_junto_grupo,pagto_junto_total,pagto_junto_restante,vendedor,vendedor_id,loja,loja_id,estado,observacao,precisa_revisao,motivo_revisao,entendimento
2,04/06/2026,IPHONE 17 PRO 256GB SILVER NOVO,357679992297861,7370.0,30.0,6950.0,390.0,4370.0,0,0,0,0,4370.0,3000.0,pix,NAO,,0,NAO,,,,Marcela,a3626643-4749-4e56-83bc-b4a8ffd53659,ONLINE,4,novo,,SIM,So extraiu: 4370 pix de 7370 → falta R$ 3000 sem valor explicito no texto,
3,04/06/2026,IPHONE 15 128GB AZUL SEMINOVO,351698471567244,2900.0,25.0,2660.0,215.0,1450.0,0,0,0,1450.0,2900.0,0.0,pix,SIM,ENTROU UM 13 SEMINOVO POR,1450.0,NAO,,,,Marcela,a3626643-4749-4e56-83bc-b4a8ffd53659,ONLINE,4,seminovo,,NAO,,valor da venda = 2900 | 1450 pix + 1450 troca | brinde 25
4,04/06/2026,IPHONE 15 PRO MAX 256GB PRETO SEMINOVO,351465644827966,4400.0,23.0,4100.0,277.0,2500.0,0,0,0,1900.0,4400.0,0.0,pix,SIM,ENTROU UM 14 SEMINOVO POR,1900.0,NAO,,,,Marcela,a3626643-4749-4e56-83bc-b4a8ffd53659,ONLINE,4,seminovo,,NAO,,valor da venda = 4400 | 2500 pix + 1900 troca | brinde 23
5,04/06/2026,IPHONE 16 PRO MAX 256GB DESERT NOVO,357590879692399,5970.0,0,5850.0,120.0,1990.0,0,3980.0,0,0,5970.0,0.0,pix+cartao_credito,NAO,,0,NAO,,,,Renan,a50f1e24-aabb-41c1-b817-b4a4950bb1e4,BLOCO B,20,novo,,NAO,,valor da venda = 5970 | 1990 pix + 3980 credito
6,04/06/2026,IPHONE 14 128GB BRANCO SEMINOVO,353687476380990,2100.0,0,1900.0,200.0,0,0,450.0,0,1650.0,2100.0,0.0,cartao_credito+troca_aparelho,SIM,IPHONE 13 AZUL 128G,1650.0,NAO,,,,Renan,a50f1e24-aabb-41c1-b817-b4a4950bb1e4,BLOCO B,20,seminovo,,NAO,,valor da venda = 2100 | 450 credito + 1650 troca
7,04/06/2026,IPHONE 15 128GB ROSA SEMINOVO,353850628182660,2950.0,35.0,2660.0,255.0,1000.0,0,1950.0,0,0,2950.0,0.0,pix,NAO,,0,NAO,,,,Marcela,a3626643-4749-4e56-83bc-b4a8ffd53659,ONLINE,4,seminovo,,NAO,,valor da venda = 2950 | 1000 pix + 1950 credito | brinde 35
8,04/06/2026,IPHONE 17 256GB BRANCO NOVO,359973613643894,4700.0,25.0,4600.0,75.0,4700.0,0,0,0,0,4700.0,0.0,pagamento_junto,NAO,,0,SIM,1,9324.0,0,Marcela,a3626643-4749-4e56-83bc-b4a8ffd53659,ONLINE,4,novo,"Pagto junto (Aparelho 1/2, total grupo R$ 9,324)",NAO,,grupo 1 (8 e 9): valor da venda = 4700 | 4700 pix = 4700 | grupo R$ 9324
9,04/06/2026,IPHONE 17 256GB PRETO NOVO,351205581240124,4624.0,30.0,4500.0,94.0,4624.0,0,0,0,0,4624.0,0.0,pagamento_junto,NAO,,0,SIM,1,9324.0,0,Marcela,a3626643-4749-4e56-83bc-b4a8ffd53659,ONLINE,4,novo,"Pagto junto (Aparelho 2/2, total grupo R$ 9,324)",NAO,,grupo 1 (8 e 9): valor da venda = 4624 | 4624 pix = 4624 | grupo R$ 9324
10,04/06/2026,POCO X8 PRO MAX 512GB BRANCO NOVO,860534086640486,3050.0,0,2950.0,100.0,3050.0,0,0,0,0,3050.0,0.0,pix,NAO,,0,NAO,,,,Ronald,97f12885-87ad-426a-8bbb-656889d82e10,CASES,19,novo,,NAO,,valor da venda = 3050 | 3050 pix
11,04/06/2026,IPHONE 17 PRO MAX 256GB SILVER NOVO,351205745375915,7750.0,0,7500.0,250.0,0,4050.0,0,0,3700.0,7750.0,0.0,dinheiro+troca_aparelho,SIM,IPH 15 PRO MAX 256GB,3700.0,NAO,,,,Ronald,97f12885-87ad-426a-8bbb-656889d82e10,CASES,19,novo,,NAO,,valor da venda = 7750 | 4050 dinheiro + 3700 troca
12,04/06/2026,POCO X8 PRO 512GB PRETO NOVO,V865532083172607,2500.0,0,2300.0,200.0,1000.0,0,1500.0,0,0,2500.0,0.0,pix+cartao_credito,NAO,,0,NAO,,,,Ronald,97f12885-87ad-426a-8bbb-656889d82e10,CASES,19,novo,,NAO,,valor da venda = 2500 | 1000 pix + 1500 credito (visa 6x (taxa 8.0%))
13,04/06/2026,IPHONE 17 PRO MAX 256GB AZUL NOVO,359652120809905,7467.0,30.0,7230.0,207.0,0,0,5367.0,0,2100.0,7467.0,0.0,cartao_credito+troca_aparelho,SIM,IPH 13 PRO MAX,2100.0,NAO,,,,Ronald,97f12885-87ad-426a-8bbb-656889d82e10,CASES,19,novo,,NAO,,valor da venda = 7467 | 5367 credito (elo 3x (taxa 7.0%)) + 2100 troca | brinde 30
14,04/06/2026,IPHONE 13 PRO 256GB GOLD SEMINOVO,356133317489721,2806.0,25.0,2300.0,481.0,2806.0,0,0,0,0,2806.0,0.0,pix,NAO,,0,NAO,,,,Higor Guedes,85e3aa42-b9af-49b8-a72a-64e9c337aa53,CELL,1,seminovo,,NAO,,valor da venda = 2806 | 2806 pix | brinde 25
15,04/06/2026,APPLE WATCH SERIES 8 STARLHIG SEMINOVO,LVVK104JHQ,1100.0,0,750.0,350.0,0,1100.0,0,0,0,1100.0,0.0,dinheiro,NAO,,0,NAO,,,,Higor Guedes,85e3aa42-b9af-49b8-a72a-64e9c337aa53,CELL,1,seminovo,,NAO,,valor da venda = 1100 | 1100 dinheiro
16,04/06/2026,IPHONE 15 128GB PRETO NOVO,355225777788922,3836.0,0,3600.0,236.0,3286.0,0,0,0,0,3286.0,550.0,pix,NAO,,0,NAO,,,,Higor Guedes,85e3aa42-b9af-49b8-a72a-64e9c337aa53,CELL,1,novo,,SIM,So extraiu: 3286 pix de 3836 → falta R$ 550 sem valor explicito no texto,
17,04/06/2026,IPHONE 16 PRO 128GB PRETO SEMINOVO,,5000.0,25.0,4500.0,475.0,1550.0,0,0,0,3450.0,5000.0,0.0,pix+troca_aparelho,SIM,IPH 16 AZUL 128GB,3450.0,NAO,,,,Higor Guedes,85e3aa42-b9af-49b8-a72a-64e9c337aa53,CELL,1,seminovo,Sem IMEI,SIM,Sem IMEI,valor da venda = 5000 | 1550 pix + 3450 troca | brinde 25
18,04/06/2026,IPHONE 12 PRO MAX 128GB AZUL SEMINOVO,357014741019624,2300.0,25.0,2000.0,275.0,0,1300.0,0,0,0,1300.0,1000.0,dinheiro,NAO,,0,NAO,,,,Guilherme,25e2da5b-9e76-4388-9890-7e22efd6940d,BLOCO B,20,seminovo,,SIM,So extraiu: 1300 dinheiro de 2300 → falta R$ 1000 sem valor explicito no texto,
19,05/06/2026,IPHONE 15 PRO MAX 256GB SEMINOVO,351503400050470,3950.0,25.0,3700.0,225.0,3950.0,0,0,0,0,3950.0,0.0,pix,NAO,,0,NAO,,,,Marcela,a3626643-4749-4e56-83bc-b4a8ffd53659,ONLINE,4,seminovo,,NAO,,valor da venda = 3950 | 3950 pix | brinde 25
20,05/06/2026,MacBook Air m5 midnight 16/512 NOVO,/DFD4FJ0J2Q,6930.0,60.0,6700.0,170.0,6930.0,0,0,0,0,6930.0,0.0,pix,NAO,,0,NAO,,,,Marcela,a3626643-4749-4e56-83bc-b4a8ffd53659,ONLINE,4,novo,,NAO,,valor da venda = 6930 | 6930 pix | brinde 60
21,05/06/2026,POCO C85 PRETO 256GB NOVO,864280082529028,1010.0,0,880.0,130.0,1010.0,0,0,0,0,1010.0,0.0,pix,NAO,,0,NAO,,,,Renan,a50f1e24-aabb-41c1-b817-b4a4950bb1e4,BLOCO B,20,novo,,NAO,,valor da venda = 1010 | 1010 pix
22,05/06/2026,IPHONE 15 128GB PRETO NOVO,359867882327710,3700.0,0,3600.0,100.0,3700.0,0,0,0,0,3700.0,0.0,pix+pagamento_junto,NAO,,0,SIM,2,7400.0,0,Renan,a50f1e24-aabb-41c1-b817-b4a4950bb1e4,BLOCO B,20,novo,"Pagto junto (Aparelho 1/2, total grupo R$ 7,400)",NAO,,grupo 2 (22 e 23): valor da venda = 3700 | 3700 pix = 3700 | grupo R$ 7400
23,05/06/2026,IPHONE 15 128GB PRETO NOVO,351713518508703,3700.0,0,3600.0,100.0,3700.0,0,0,0,0,3700.0,0.0,pagamento_junto,NAO,,0,SIM,2,7400.0,0,Renan,a50f1e24-aabb-41c1-b817-b4a4950bb1e4,BLOCO B,20,novo,"Pagto junto (Aparelho 2/2, total grupo R$ 7,400)",NAO,,grupo 2 (22 e 23): valor da venda = 3700 | 3700 pix = 3700 | grupo R$ 7400
24,05/06/2026,MACBOOK NEO ROSA 256GB NOVO,K76LHCP7F,4551.0,30.0,4350.0,171.0,0,0,4551.0,0,0,4551.0,0.0,outros,NAO,,0,NAO,,,,Marcela,a3626643-4749-4e56-83bc-b4a8ffd53659,BLOCO B,20,novo,,NAO,,valor da venda = 4551 | 4551 credito | brinde 30
25,05/06/2026,IPHONE 14 128GB PRETO SEMINOVO,355123373512780,2070.0,20.0,1900.0,100.0,580.0,0,1490.0,0,0,2070.0,0.0,pix,NAO,,0,NAO,,,,Marcela,a3626643-4749-4e56-83bc-b4a8ffd53659,ONLINE,4,seminovo,,NAO,,valor da venda = 2070 | 580 pix + 1490 credito | brinde 20
26,05/06/2026,REDMI NOTE 15 4G 256GB AZUL NOVO,862315083031764,1211.0,0,1150.0,61.0,100.0,0,1111.0,0,0,1211.0,0.0,pix,NAO,,0,NAO,,,,Marcela,a3626643-4749-4e56-83bc-b4a8ffd53659,ONLINE,4,novo,,NAO,,valor da venda = 1211 | 100 pix + 1111 credito
27,05/06/2026,JBL BOOMBOX 3 PRETA NOVO,JBLB00MB0X3BLKBR,1860.0,0,1780.0,80.0,1860.0,0,0,0,0,1860.0,0.0,pix,NAO,,0,NAO,,,,Renan,a50f1e24-aabb-41c1-b817-b4a4950bb1e4,BLOCO B,20,novo,,NAO,,valor da venda = 1860 | 1860 pix
28,05/06/2026,IPHONE 15 128GB PRETO NOVO,355225779424203,3750.0,5.0,3600.0,145.0,3750.0,0,0,0,0,3750.0,0.0,pix,NAO,,0,NAO,,,,Renan,a50f1e24-aabb-41c1-b817-b4a4950bb1e4,BLOCO B,20,novo,,NAO,,valor da venda = 3750 | 3750 pix | brinde 5
29,05/06/2026,IPHONE 14 PRO 256GB BRANCO SEMINOVO,54001278899018,3325.0,25.0,2900.0,400.0,0,0,3325.0,0,0,3325.0,0.0,pix+cartao_credito+pagamento_junto,NAO,,0,SIM,3,6710.0,0,Ronald,97f12885-87ad-426a-8bbb-656889d82e10,CASES,19,seminovo,"Pagto junto (Aparelho 1/2, total grupo R$ 6,710)",NAO,,grupo 3 (29 e 30): valor da venda = 3325 | 3325 credito = 3325 | grupo R$ 6710
30,05/06/2026,IPHONE 14 PRO MAX 128GB PRETO SEMINOVO,351548866512357,3385.0,25.0,3150.0,210.0,0,0,3385.0,0,0,3385.0,0.0,pagamento_junto,NAO,,0,SIM,3,6710.0,0,Ronald,97f12885-87ad-426a-8bbb-656889d82e10,CASES,19,seminovo,"Pagto junto (Aparelho 2/2, total grupo R$ 6,710)",NAO,,grupo 3 (29 e 30): valor da venda = 3385 | 3385 credito = 3385 | grupo R$ 6710
31,05/06/2026,REDMI PAD 2 256GB CINZA NOVO,65577/W6PT04947,1500.0,48.0,1240.0,212.0,0,0,1500.0,0,0,1500.0,0.0,cartao_credito,NAO,,0,NAO,,,,Ronald,97f12885-87ad-426a-8bbb-656889d82e10,CASES,19,novo,,NAO,,valor da venda = 1500 | 1500 credito (visa 6x (taxa 8.0%)) | brinde 48
32,05/06/2026,IPHONE 14 128GB PRETO SEMINOVO,351592243452233,2100.0,10.0,1900.0,190.0,1650.0,50.0,0,0,400.0,2100.0,0.0,pix+dinheiro+troca_aparelho,SIM,IPH XR 64GB PRETO,400.0,NAO,,,,Higor Guedes,85e3aa42-b9af-49b8-a72a-64e9c337aa53,CELL,1,seminovo,,NAO,,valor da venda = 2100 | 1650 pix + 50 dinheiro + 400 troca | brinde 10
33,05/06/2026,IPHONE 17 256GB BRANCO NOVO,,4980.0,135.0,2600.0,245.0,4380.0,0,0,0,600.0,4980.0,0.0,pix+troca_aparelho,SIM,IPH 128GB PRETO,600.0,NAO,,,,Higor Guedes,85e3aa42-b9af-49b8-a72a-64e9c337aa53,CELL,1,novo,Sem IMEI,SIM,Sem IMEI,valor da venda = 4980 | 4380 pix + 600 troca | brinde 135
34,06/06/2026,IPHONE 17 256GB AZUL NOVO,352824462371275,4750.0,45.0,4500.0,205.0,4750.0,0,0,0,0,4750.0,0.0,pix,NAO,,0,NAO,,,,Marcela,a3626643-4749-4e56-83bc-b4a8ffd53659,ONLINE,4,novo,,NAO,,valor da venda = 4750 | 4750 pix | brinde 45
35,06/06/2026,IPAD 11° (A16) 128GB SILVER NOVO,DMY20XLJ95,2599.0,120.0,2250.0,229.0,2599.0,0,0,0,0,2599.0,0.0,outros,NAO,,0,NAO,,,,Marcela,a3626643-4749-4e56-83bc-b4a8ffd53659,ONLINE,4,novo,,NAO,,valor da venda = 2599 | 2599 pix | brinde 120
36,06/06/2026,IPHONE 15 PRO MAX 256GB PRETO SEMINOVO,352033763715583,3910.0,25.0,3700.0,185.0,30.0,0,0,3880.0,0,3910.0,0.0,pix+cartao_debito,NAO,,0,NAO,,,,Marcela,a3626643-4749-4e56-83bc-b4a8ffd53659,ONLINE,4,seminovo,,NAO,,valor da venda = 3910 | 30 pix + 3880 debito | brinde 25
37,06/06/2026,IPAD 11° (A16) 128GB SILVER NOVO,DV71MXVDQ7,2542.0,110.0,2200.0,232.0,0,0,2542.0,0,0,2542.0,0.0,outros,NAO,,0,NAO,,,,Marcela,a3626643-4749-4e56-83bc-b4a8ffd53659,ONLINE,4,novo,,NAO,,valor da venda = 2542 | 2542 credito | brinde 110
38,06/06/2026,IPAD 11° (A16) 128GB AZUL NOVO,JTPYCFFWY4,2450.0,110.0,2200.0,140.0,2450.0,0,0,0,0,2450.0,0.0,pix,NAO,,0,NAO,,,,Marcela,a3626643-4749-4e56-83bc-b4a8ffd53659,ONLINE,4,novo,,NAO,,valor da venda = 2450 | 2450 pix | brinde 110
39,06/06/2026,IPHONE 15 PRO MAX 256GB PRETO SEMINOVO,352229491749619,3950.0,10.0,3700.0,240.0,1900.0,2050.0,0,0,0,3950.0,0.0,pix+dinheiro,NAO,,0,NAO,,,,Marcela,a3626643-4749-4e56-83bc-b4a8ffd53659,ONLINE,4,seminovo,,NAO,,valor da venda = 3950 | 1900 pix + 2050 dinheiro | brinde 10
40,06/06/2026,IPHONE 17 256GB BRANCO NOVO,359973613777577,4820.0,5.0,4600.0,215.0,0,0,4220.0,0,0,4220.0,600.0,outros,NAO,,0,NAO,,,,Marcela,a3626643-4749-4e56-83bc-b4a8ffd53659,ONLINE,4,novo,,SIM,So extraiu: 4220 credito de 4820 → falta R$ 600 sem valor explicito no texto,
41,06/06/2026,IPAD 11° (A16) 128GB AZUL NOVO,FP424P4PXH,2471.0,130.0,2250.0,101.0,1100.0,0,1371.0,0,0,2471.0,0.0,pix,NAO,,0,NAO,,,,Marcela,a3626643-4749-4e56-83bc-b4a8ffd53659,ONLINE,4,novo,,NAO,,valor da venda = 2471 | 1100 pix + 1371 credito | brinde 130
42,06/06/2026,IPHONE 14 PLUS 128GB LILAS NOVO,351906511449970,3570.0,5.0,3450.0,115.0,3570.0,0,0,0,0,3570.0,0.0,pix,NAO,,0,NAO,,,,Renan,a50f1e24-aabb-41c1-b817-b4a4950bb1e4,BLOCO B,20,novo,,NAO,,valor da venda = 3570 | 3570 pix | brinde 5
43,06/06/2026,IPHONE 13 256GB BRANCO SEMINOVO,353640981930528,2325.0,25.0,1900.0,400.0,1300.0,0,1025.0,0,0,2325.0,0.0,pix+cartao_credito,NAO,,0,NAO,,,,Ronald,97f12885-87ad-426a-8bbb-656889d82e10,CASES,19,seminovo,,NAO,,valor da venda = 2325 | 1300 pix + 1025 credito (visa 3x (taxa 6.0%)) | brinde 25
44,06/06/2026,IPHONE 17 PRO 256GB SILVER NOVO,352574676009796,7325.0,20.0,7000.0,305.0,0,0,6513.08,0,0,6513.08,811.92,cartao_credito,NAO,,0,NAO,,,,Ronald,97f12885-87ad-426a-8bbb-656889d82e10,CASES,19,novo,,SIM,So extraiu: 6513.08 credito de 7325 → falta R$ 812 sem valor explicito no texto,
45,06/06/2026,IPHONE 13 128GB BRANCO SEMINOVO,350264528248328,1910.0,10.0,1750.0,0,0,0,334.59,0,0,334.59,1575.41,cartao_credito+troca_aparelho+garantia,NAO,,0,NAO,,,,Ronald,97f12885-87ad-426a-8bbb-656889d82e10,CASES,19,seminovo,,SIM,So extraiu: 334.59 credito de 1910 → falta R$ 1575 sem valor explicito no texto,
46,06/06/2026,REDMI 15C 256GB AZUL NOVO,866509086604223,880.0,0,840.0,0,0,0,72.8,0,0,72.8,807.2,cartao_credito+garantia,NAO,,0,NAO,,,,Ronald,97f12885-87ad-426a-8bbb-656889d82e10,CASES,19,novo,,SIM,So extraiu: 72.80 credito de 880 → falta R$ 807 sem valor explicito no texto,
47,06/06/2026,IPHONE 17 PRO 256GB BRANCO SEMINOVO,,7065.0,10.0,6300.0,0,2565.0,0,0,0,4500.0,7065.0,0.0,pix+troca_aparelho,SIM,IPH 15 128GB; IPH 14 LILAS 128GB,4500.0,NAO,,,,Higor Guedes,85e3aa42-b9af-49b8-a72a-64e9c337aa53,CELL,1,seminovo,Sem IMEI,SIM,Sem IMEI,valor da venda = 7065 | 2565 pix + 4500 troca | brinde 10
48,06/06/2026,IPHONE 13 256GB ROSA SEMINOVO,356815609092334,2116.0,10.0,1900.0,206.0,2116.0,0,0,0,0,2116.0,0.0,pix,NAO,,0,NAO,,,,Higor Guedes,85e3aa42-b9af-49b8-a72a-64e9c337aa53,CELL,1,seminovo,,NAO,,valor da venda = 2116 | 2116 pix | brinde 10
49,06/06/2026,IPHONE 15 128GB AZUL SEMINOVO,351682570296095,2910.0,25.0,2660.0,225.0,1700.0,860.0,0,0,0,2560.0,350.0,pix+dinheiro,NAO,,0,NAO,,,,Guilherme,25e2da5b-9e76-4388-9890-7e22efd6940d,BLOCO B,20,seminovo,,SIM,So extraiu: 1700 pix + 860 dinheiro de 2910 → falta R$ 350 sem valor explicito no texto,
50,07/06/2026,IPHONE 14 PRO MAX 512GB ROXO SEMINOVO,356041402342004,3800.0,15.0,3500.0,285.0,3800.0,0,0,0,0,3800.0,0.0,pix,NAO,,0,NAO,,,,Angel,97f12885-87ad-426a-8bbb-656889d82e10,BLOCO B,20,seminovo,Vendedor Angel - pendente ID real,SIM,Vendedor Angel - pendente ID real,valor da venda = 3800 | 3800 pix | brinde 15
51,07/06/2026,IPHONE 13 256GB ROSA SEMINOVO,352615457839263,2100.0,15.0,1900.0,185.0,2100.0,0,0,0,0,2100.0,0.0,pix,NAO,,0,NAO,,,,Angel,97f12885-87ad-426a-8bbb-656889d82e10,BLOCO B,20,seminovo,Vendedor Angel - pendente ID real,SIM,Vendedor Angel - pendente ID real,valor da venda = 2100 | 2100 pix | brinde 15
52,07/06/2026,IPHONE 17 256GB BRANCO NOVO,353111887936779,4705.0,10.0,4690.0,10.0,4705.0,0,0,0,0,4705.0,0.0,pix,NAO,,0,NAO,,,,Marcela,a3626643-4749-4e56-83bc-b4a8ffd53659,ONLINE,4,novo,,NAO,,valor da venda = 4705 | 4705 pix | brinde 10
53,07/06/2026,APPLE WATCH ULTRA 3 49MM PRETO NOVO,353938647328032,5750.0,15.0,4670.0,1065.0,0,0,5750.0,0,0,5750.0,0.0,outros,NAO,,0,NAO,,,,Marcela,a3626643-4749-4e56-83bc-b4a8ffd53659,ONLINE,4,novo,,NAO,,valor da venda = 5750 | 5750 credito | brinde 15
54,07/06/2026,BOOMBOX 4 LARANJA NOVA/SEMINOVA,TL1973-BQ009163,2500.0,0,2390.0,110.0,1500.0,1000.0,0,0,0,2500.0,0.0,pix+dinheiro,NAO,,0,NAO,,,,Marcela,a3626643-4749-4e56-83bc-b4a8ffd53659,ONLINE,4,seminovo,,NAO,,valor da venda = 2500 | 1500 pix + 1000 dinheiro
55,07/06/2026,IPHONE 15 PRO MAX 256GB PRETO SEMINOVO,352832408625648,4050.0,41.0,3700.0,309.0,2000.0,0,2050.0,0,0,4050.0,0.0,pix+cartao_credito,NAO,,0,NAO,,,,Marcela,a3626643-4749-4e56-83bc-b4a8ffd53659,ONLINE,4,seminovo,,NAO,,valor da venda = 4050 | 2000 pix + 2050 credito (visa 11x (taxa 11.3%)) | brinde 41
56,07/06/2026,IPHONE 17 256GB PRETO NOVO,358736464505640,4750.0,0,4650.0,100.0,4750.0,0,0,0,0,4750.0,0.0,pix,NAO,,0,NAO,,,,Renan,a50f1e24-aabb-41c1-b817-b4a4950bb1e4,BLOCO B,20,novo,,NAO,,valor da venda = 4750 | 4750 pix
57,07/06/2026,POCO X8 PRO MAX 512GB AZUL NOVO,74909/F6QV01625,3100.0,0,2950.0,150.0,3100.0,0,0,0,0,3100.0,0.0,pix,NAO,,0,NAO,,,,Renan,a50f1e24-aabb-41c1-b817-b4a4950bb1e4,BLOCO B,20,novo,,NAO,,valor da venda = 3100 | 3100 pix
58,07/06/2026,IPHONE 15 128GB AZUL SEMINOVO,35986788108129,3973.0,15.0,3700.0,258.0,0,0,0,0,1300.0,1300.0,2673.0,outros,SIM,ENTROU UM 13 128 SEMINOVO POR,1300.0,NAO,,,,Marcela,a3626643-4749-4e56-83bc-b4a8ffd53659,ONLINE,4,seminovo,,SIM,So extraiu: 1300 troca de 3973 → falta R$ 2673 sem valor explicito no texto,
59,07/06/2026,IPHONE 12 64GB LILAS SEMINOVO,358187610315940,1350.0,25.0,1150.0,175.0,0,0,1350.0,0,0,1350.0,0.0,outros,NAO,,0,NAO,,,,Marcela,a3626643-4749-4e56-83bc-b4a8ffd53659,ONLINE,4,seminovo,,NAO,,valor da venda = 1350 | 1350 credito | brinde 25
60,07/06/2026,IPHONE 15 PRO MAX 256GB PRETO SEMINOVO,350496304995505,4050.0,25.0,3700.0,325.0,0,0,2950.0,0,1100.0,4050.0,0.0,outros,SIM,ENTROU UM 14 PRO 128 SEMINOVO POR,1100.0,NAO,,,,Marcela,a3626643-4749-4e56-83bc-b4a8ffd53659,ONLINE,4,seminovo,,NAO,,valor da venda = 4050 | 2950 credito + 1100 troca | brinde 25
61,07/06/2026,IPHONE 14 PRO 128GB ROXO SEMINOVO,3501800048255,1650.0,0,1100.0,550.0,1650.0,0,0,0,0,1650.0,0.0,pix,NAO,,0,NAO,,,,Marcela,a3626643-4749-4e56-83bc-b4a8ffd53659,ONLINE,4,seminovo,,NAO,,valor da venda = 1650 | 1650 pix
62,07/06/2026,IPAD 11° (A16) 128GB SILVER NOVO,DHYGFK76Q2,2453.35,100.0,2250.0,175.0,2453.35,0,0,0,0,2453.35,0.0,pix+pagamento_junto,NAO,,0,SIM,4,3153.35,0,Marcela,a3626643-4749-4e56-83bc-b4a8ffd53659,ONLINE,4,novo,"Pagto junto (Aparelho 1/2, total grupo R$ 3,153)",NAO,,grupo 4 (62 e 63): valor da venda = 2453 | 2453.35 pix = 2453 | grupo R$ 3153
63,07/06/2026,IPHONE XR 64GB AZUL SEMINOVO,353060104205916,700.0,25.0,500.0,175.0,700.0,0,0,0,0,700.0,0.0,pagamento_junto,NAO,,0,SIM,4,3153.35,0,Marcela,a3626643-4749-4e56-83bc-b4a8ffd53659,ONLINE,4,seminovo,"Pagto junto (Aparelho 2/2, total grupo R$ 3,153)",NAO,,grupo 4 (62 e 63): valor da venda = 700 | 700 pix = 700 | grupo R$ 3153
64,07/06/2026,IPHONE 13 PRO MAX 128GB SEMINOVO,353869220171228,3047.0,10.0,2600.0,437.0,3047.0,0,0,0,0,3047.0,0.0,pix,NAO,,0,NAO,,,,Higor Guedes,85e3aa42-b9af-49b8-a72a-64e9c337aa53,CELL,1,seminovo,,NAO,,valor da venda = 3047 | 3047 pix | brinde 10
65,07/06/2026,IPHONE 16 PRO MAX 256GB DESERT SEMINOVO,35568866635102,5450.0,0,5000.0,450.0,5450.0,0,0,0,0,5450.0,0.0,pix,NAO,,0,NAO,,,,Higor Guedes,85e3aa42-b9af-49b8-a72a-64e9c337aa53,CELL,1,seminovo,,NAO,,valor da venda = 5450 | 5450 pix
66,07/06/2026,IPHONE 14 PRO MAX 256GB ROXO SEMINOVO,357879437816990,3350.0,0,3200.0,150.0,3350.0,0,0,0,0,3350.0,0.0,pix,NAO,,0,NAO,,,,Higor Guedes,85e3aa42-b9af-49b8-a72a-64e9c337aa53,CELL,1,seminovo,,NAO,,valor da venda = 3350 | 3350 pix
67,07/06/2026,IPHONE 16E 128GB PRETO SEMINOVO,356243696858256,2839.0,0,1800.0,1039.0,2839.0,0,0,0,0,2839.0,0.0,pix,NAO,,0,NAO,,,,Higor Guedes,85e3aa42-b9af-49b8-a72a-64e9c337aa53,CELL,1,seminovo,,NAO,,valor da venda = 2839 | 2839 pix
68,07/06/2026,IPHONE 17 256GB PRETO NOVO,355989444523158,4605.0,0,4550.0,55.0,4605.0,0,0,0,0,4605.0,0.0,pix,NAO,,0,NAO,,,,Higor Guedes,85e3aa42-b9af-49b8-a72a-64e9c337aa53,CELL,1,novo,,NAO,,valor da venda = 4605 | 4605 pix
69,07/06/2026,IPHONE 14 128GB AZUL SEMINOVO,358264142105709,2150.0,0,1900.0,250.0,2150.0,0,0,0,0,2150.0,0.0,pix,NAO,,0,NAO,,,,Higor Guedes,85e3aa42-b9af-49b8-a72a-64e9c337aa53,CELL,1,seminovo,,NAO,,valor da venda = 2150 | 2150 pix
70,07/06/2026,NOTE 15 8GB 256GB PRETO NOVO,865716081697042,1330.0,0,1100.0,230.0,0,0,1330.0,0,0,1330.0,0.0,outros,NAO,,0,NAO,,,,Guilherme,25e2da5b-9e76-4388-9890-7e22efd6940d,BLOCO B,20,novo,,NAO,,valor da venda = 1330 | 1330 credito (visa 2x (taxa 5.0%))
71,08/06/2026,IPHONE 11 64GB PRETO SEMINOVO - GARANTIA DO XR,356814118803398,880.0,15.0,600.0,0,180.0,0,0,0,700.0,880.0,0.0,pix,SIM,ENTROU UM XR 64 AZUL POR,700.0,NAO,,,,Marcela,a3626643-4749-4e56-83bc-b4a8ffd53659,CELL,1,seminovo,,NAO,,valor da venda = 880 | 180 pix + 700 troca | brinde 15
72,09/06/2026,IPHONE 15 PRO 256GB NATURAL SEMINOVO,354300587089588,3780.0,25.0,3000.0,755.0,3780.0,0,0,0,0,3780.0,0.0,pix,NAO,,0,NAO,,,,Marcela,a3626643-4749-4e56-83bc-b4a8ffd53659,CELL,1,seminovo,,NAO,,valor da venda = 3780 | 3780 pix | brinde 25
73,09/06/2026,IPHONE 16E 128GB BRANCO SEMINOVO,352638936490615,2600.0,25.0,2100.0,475.0,2100.0,0,0,0,0,2100.0,500.0,pix+dinheiro,NAO,,0,NAO,,,,Renan,a50f1e24-aabb-41c1-b817-b4a4950bb1e4,BLOCO B,20,seminovo,,SIM,So extraiu: 2100 pix de 2600 → falta R$ 500 sem valor explicito no texto,
74,09/06/2026,IPHONE 15 256GB PRETO SEMINOVO,359817430962252,3050.0,30.0,2900.0,120.0,1950.0,0,0,0,1100.0,3050.0,0.0,pix+troca_aparelho,SIM,IPHONE 12 256 VERMELHO,1100.0,NAO,,,,Renan,a50f1e24-aabb-41c1-b817-b4a4950bb1e4,BLOCO B,20,seminovo,,NAO,,valor da venda = 3050 | 1950 pix + 1100 troca | brinde 30
75,10/06/2026,SAMSUNG A55 256GB AZUL SEMINOVO,358543582779606,1000.0,25.0,700.0,275.0,1000.0,0,0,0,0,1000.0,0.0,pix,NAO,,0,NAO,,,,Guilherme,25e2da5b-9e76-4388-9890-7e22efd6940d,BLOCO B,20,seminovo,,NAO,,valor da venda = 1000 | 1000 pix | brinde 25
76,10/06/2026,IPHONE 15 PRO MAX 256GB PRETO SEMINOVO,252676520028144,3950.0,68.0,3700.0,182.0,3950.0,0,0,0,0,3950.0,0.0,pix,NAO,,0,NAO,,,,Marcela,a3626643-4749-4e56-83bc-b4a8ffd53659,CELL,1,seminovo,,NAO,,valor da venda = 3950 | 3950 pix | brinde 68
77,10/06/2026,IPAD 11° (A16) 128GB SILVER NOVO,L3CRQLVC2F,2441.0,70.0,2250.0,121.0,0,0,2441.0,0,0,2441.0,0.0,outros,NAO,,0,NAO,,,,Marcela,a3626643-4749-4e56-83bc-b4a8ffd53659,CELL,1,novo,,NAO,,valor da venda = 2441 | 2441 credito | brinde 70
78,10/06/2026,IPHONE 17 PRO MAX 256GB SILVER NOVO,351205745798025,7831.0,5.0,7650.0,176.0,7431.0,0,0,0,0,7431.0,400.0,pix+dinheiro,NAO,,0,NAO,,,,Renan,a50f1e24-aabb-41c1-b817-b4a4950bb1e4,BLOCO B,20,novo,,SIM,So extraiu: 7431 pix de 7831 → falta R$ 400 sem valor explicito no texto,
79,10/06/2026,IPHONE 17 PRO MAX 256G LARANJA NOVO,359372358546422,7250.0,0,7150.0,100.0,7250.0,0,0,0,0,7250.0,0.0,pix,NAO,,0,NAO,,,,Renan,a50f1e24-aabb-41c1-b817-b4a4950bb1e4,BLOCO B,20,novo,,NAO,,valor da venda = 7250 | 7250 pix
80,10/06/2026,IPHONE 16 PRO MAX 256GB PRETO SEMINOVO,354210975025310,5350.0,25.0,4950.0,375.0,5350.0,0,0,0,0,5350.0,0.0,pix,NAO,,0,NAO,,,,Renata,9451cd9f-6770-4e32-aae8-c75fa675e818,CELL,1,seminovo,,NAO,,valor da venda = 5350 | 5350 pix | brinde 25
81,10/06/2026,IPHONE 15 PRO 256GB TITANIO NATURAL SEMINOVO,354324413603719,3750.0,25.0,3250.0,475.0,3750.0,0,0,0,0,3750.0,0.0,pix,NAO,,0,NAO,,,,Renata,9451cd9f-6770-4e32-aae8-c75fa675e818,CELL,1,seminovo,,NAO,,valor da venda = 3750 | 3750 pix | brinde 25
82,10/06/2026,NOTE 15 5G 256GB PRETO NOVO,865292089717067,1450.0,0,1380.0,70.0,1450.0,0,0,0,0,1450.0,0.0,pix,NAO,,0,NAO,,,,Ronald,97f12885-87ad-426a-8bbb-656889d82e10,CASES,19,novo,,NAO,,valor da venda = 1450 | 1450 pix
83,10/06/2026,IPHONE 17 256GB BRANCO NOVO,356146774825724,4800.0,0,4700.0,100.0,2140.0,0,0,0,2660.0,4800.0,0.0,pix+troca_aparelho,SIM,IPHONE 15 128GB ROSA,2660.0,NAO,,,,Ronald,97f12885-87ad-426a-8bbb-656889d82e10,CASES,19,novo,,NAO,,valor da venda = 4800 | 2140 pix + 2660 troca
84,10/06/2026,IPHONE 11 64GB VERMELHO SEMINOVO,356572103379228,750.0,25.0,600.0,125.0,750.0,0,0,0,0,750.0,0.0,pix,NAO,,0,NAO,,,,Ronald,97f12885-87ad-426a-8bbb-656889d82e10,CASES,19,seminovo,,NAO,,valor da venda = 750 | 750 pix | brinde 25
85,10/06/2026,IPHONE 11 64GB PRETO SEMINOVO,35615721609444,700.0,0,600.0,100.0,700.0,0,0,0,0,700.0,0.0,pix,NAO,,0,NAO,,,,Ronald,97f12885-87ad-426a-8bbb-656889d82e10,CASES,19,seminovo,,NAO,,valor da venda = 700 | 700 pix
86,10/06/2026,IPHONE 13 PRO MAX 128GB VERDE SEMINOVO,355365665236921,3012.0,25.0,2600.0,387.0,2312.0,700.0,0,0,0,3012.0,0.0,pix+dinheiro,NAO,,0,NAO,,,,Higor Guedes,85e3aa42-b9af-49b8-a72a-64e9c337aa53,CELL,1,seminovo,,NAO,,valor da venda = 3012 | 2312 pix + 700 dinheiro | brinde 25
87,11/06/2026,IPHONE 13 128GB PRETO SEMINOVO,351084399943637,1950.0,0,1750.0,200.0,1950.0,0,0,0,0,1950.0,0.0,pix,NAO,,0,NAO,,,,Higor Guedes,85e3aa42-b9af-49b8-a72a-64e9c337aa53,CELL,1,seminovo,,NAO,,valor da venda = 1950 | 1950 pix
88,11/06/2026,IPHONE 14 PLUS 256GB BRANCO SEMINOVO,356752985194154,2632.0,30.0,2300.0,302.0,0,0,2629.11,0,0,2629.11,2.89,cartao_credito,NAO,,0,NAO,,,,Ronald,97f12885-87ad-426a-8bbb-656889d82e10,CASES,19,seminovo,,SIM,So extraiu: 2629.11 credito de 2632 → falta R$ 3 sem valor explicito no texto,
89,11/06/2026,IPHONE 14 PLUS 128GB LILAS SEMINOVO,356752983703204,2650.0,25.0,2200.0,425.0,500.0,500.0,1650.0,0,0,2650.0,0.0,pix+dinheiro,NAO,,0,NAO,,,,Guilherme,25e2da5b-9e76-4388-9890-7e22efd6940d,BLOCO B,20,seminovo,,NAO,,valor da venda = 2650 | 500 pix + 500 dinheiro + 1650 credito (visa 10x (taxa 10.9%)) | brinde 25
90,12/06/2026,POCO X8 PRO 256GB BRANCO NOVO,866132086776923,2180.0,0,2050.0,130.0,2180.0,0,0,0,0,2180.0,0.0,pix,NAO,,0,NAO,,,,Marcela,a3626643-4749-4e56-83bc-b4a8ffd53659,ONLINE,4,novo,,NAO,,valor da venda = 2180 | 2180 pix
91,12/06/2026,IPHONE 14 128GB PRETO SEMINOVO,357769852580660,2350.0,42.0,1900.0,408.0,2350.0,0,0,0,0,2350.0,0.0,pix,NAO,,0,NAO,,,,Renata,9451cd9f-6770-4e32-aae8-c75fa675e818,CELL,1,seminovo,,NAO,,valor da venda = 2350 | 2350 pix | brinde 42
92,12/06/2026,IPHONE 17 PRO 256GB BRANCO NOVO,357679991655465,7054.0,45.0,6750.0,259.0,3000.0,0,4054.0,0,0,7054.0,0.0,pix,NAO,,0,NAO,,,,Marcela,a3626643-4749-4e56-83bc-b4a8ffd53659,ONLINE,4,novo,,NAO,,valor da venda = 7054 | 3000 pix + 4054 credito | brinde 45
93,12/06/2026,REDMI NOTE 15 5G 256GB ROXO LACRADO,865292089040460,1513.0,0,1400.0,113.0,1513.0,0,0,0,0,1513.0,0.0,pix,NAO,,0,NAO,,,,Marcela,a3626643-4749-4e56-83bc-b4a8ffd53659,ONLINE,4,novo,,NAO,,valor da venda = 1513 | 1513 pix
94,12/06/2026,IPHONE 14 256GB PRETO SEMINOVO,354155259200412,2300.0,25.0,2000.0,275.0,2300.0,0,0,0,0,2300.0,0.0,pix,NAO,,0,NAO,,,,Ana Beatriz,97f12885-87ad-426a-8bbb-656889d82e10,CASES,19,seminovo,,NAO,,valor da venda = 2300 | 2300 pix | brinde 25
95,12/06/2026,APPLE WATCH SÉRIE 11 42MM ROSE GOLD NOVO,LTC2HXQJRW,2480.0,0,2300.0,180.0,2480.0,0,0,0,0,2480.0,0.0,pix,NAO,,0,NAO,,,,Renan,a50f1e24-aabb-41c1-b817-b4a4950bb1e4,BLOCO B,20,novo,,NAO,,valor da venda = 2480 | 2480 pix
96,12/06/2026,IPHONE 17 PRO 256GB LARANJA SEMINOVO,356661403706855,7100.0,40.0,6300.0,760.0,1000.0,0,6257.11,0,0,7257.11,-157.11,pix+cartao_credito,NAO,,0,NAO,,,,Ronald,97f12885-87ad-426a-8bbb-656889d82e10,CASES,19,seminovo,,SIM,Extracao excede venda em R$ 157: extraiu 1000 pix + 6257.11 credito = 7257 > venda 7100 → texto descreve pagamento de outros itens,
97,12/06/2026,IPHONE 13 PRO MAX 128GB AZUL SEMINOVO,355777918114145,2775.0,25.0,2600.0,150.0,0,0,2775.0,0,0,2775.0,0.0,cartao_credito,NAO,,0,NAO,,,,Ronald,97f12885-87ad-426a-8bbb-656889d82e10,CASES,19,seminovo,,NAO,,valor da venda = 2775 | 2775 credito (elo 10x (taxa 11.9%)) | brinde 25
98,12/06/2026,IPHONE 15 PRO MAX 256GB NATURAL SEMINOVO,354934250608587,3950.0,25.0,3700.0,225.0,3950.0,0,0,0,0,3950.0,0.0,pix,NAO,,0,NAO,,,,Ronald,97f12885-87ad-426a-8bbb-656889d82e10,CASES,19,seminovo,,NAO,,valor da venda = 3950 | 3950 pix | brinde 25
99,12/06/2026,SAMSUNG A07 128GB PRETO NOVO,350272672458453,710.0,0,570.0,140.0,0,0,710.0,0,0,710.0,0.0,outros,NAO,,0,NAO,,,,Guilherme,25e2da5b-9e76-4388-9890-7e22efd6940d,BLOCO B,20,novo,,NAO,,valor da venda = 710 | 710 credito (visa 4x (taxa 6.7%))
100,12/06/2026,SAMSUNG S10 FE 256GB GREY NOVO,R5GL33TWGS,2603.0,0,2449.0,154.0,1000.0,0,1603.0,0,0,2603.0,0.0,pix,NAO,,0,NAO,,,,Guilherme,25e2da5b-9e76-4388-9890-7e22efd6940d,BLOCO B,20,novo,,NAO,,valor da venda = 2603 | 1000 pix + 1603 credito (visa 10x (taxa 10.9%))
101,12/06/2026,IPHONE 17 PRO MAX 256GB AZUL NOVO,359178372863168,7750.0,0,7470.0,280.0,7750.0,0,0,0,0,7750.0,0.0,pix,NAO,,0,NAO,,,,Camila,1d12d555-68e9-45f8-bfc0-a35a1d8d7920,CELL,1,novo,,NAO,,valor da venda = 7750 | 7750 pix
102,12/06/2026,IPHONE 12 VERMELHO 64GB SEMINOVO,35303611166370,1320.0,0,1150.0,170.0,1320.0,0,0,0,0,1320.0,0.0,pix,NAO,,0,NAO,,,,Renan,a50f1e24-aabb-41c1-b817-b4a4950bb1e4,BLOCO B,20,seminovo,,NAO,,valor da venda = 1320 | 1320 pix
103,13/06/2026,IPHONE 13 BRANCO 256GB SEMINOVO,358691732646082,2200.0,25.0,1900.0,275.0,2200.0,0,0,0,0,2200.0,0.0,pix,NAO,,0,NAO,,,,Marcela,a3626643-4749-4e56-83bc-b4a8ffd53659,ONLINE,4,seminovo,,NAO,,valor da venda = 2200 | 2200 pix | brinde 25
104,13/06/2026,IPHONE 15 PRO MAX 256GB PRETO SEMINOVO,357275791173971,4000.0,0,3700.0,300.0,4000.0,0,0,0,0,4000.0,0.0,pix,NAO,,0,NAO,,,,Renan,a50f1e24-aabb-41c1-b817-b4a4950bb1e4,BLOCO B,20,seminovo,,NAO,,valor da venda = 4000 | 4000 pix
105,13/06/2026,IPHONE 16 PRO 128GB DESERT SEMINOVO,351895491457790,4500.0,0,4140.0,360.0,0,2200.0,0,0,2300.0,4500.0,0.0,dinheiro+troca_aparelho,SIM,IPHONE 13 PRO MAX 128GB AZUL SEMINOVO,2300.0,NAO,,,,Ronald,97f12885-87ad-426a-8bbb-656889d82e10,CASES,19,seminovo,,NAO,,valor da venda = 4500 | 2200 dinheiro + 2300 troca
106,13/06/2026,IPHONE 16 PRO MAX 256GB PRETO SEMINOVO,356744602694336,5400.0,0,4950.0,450.0,2499.0,0,0,0,0,2499.0,2901.0,pix+troca_aparelho,NAO,,0,NAO,,,,Angel,97f12885-87ad-426a-8bbb-656889d82e10,BLOCO B,20,seminovo,Vendedor Angel - pendente ID real,SIM,So extraiu: 2499 pix de 5400 → falta R$ 2901 sem valor explicito no texto; Vendedor Angel - pendente ID real,
107,13/06/2026,IPHONE 14 128GB PRETO SEMINOVO,351253189953664,2091.0,25.0,1900.0,166.0,1891.0,200.0,0,0,0,2091.0,0.0,pix+dinheiro,NAO,,0,NAO,,,,Ruyter,85743f3e-1b32-49c0-9d9e-c16afd690f7d,CASES,19,seminovo,,NAO,,valor da venda = 2091 | 1891 pix + 200 dinheiro | brinde 25
108,13/06/2026,IPHONE 13 PRO MAX 128GB PRETO SEMINOVO,351016090159006,2780.0,15.0,2600.0,165.0,2780.0,0,0,0,0,2780.0,0.0,pix,NAO,,0,NAO,,,,Higor Guedes,85e3aa42-b9af-49b8-a72a-64e9c337aa53,CELL,1,seminovo,,NAO,,valor da venda = 2780 | 2780 pix | brinde 15
109,13/06/2026,IPHONE 17 PRO MAX 256GB AZUL NOVO,,8192.0,15.0,7670.0,507.0,3742.0,0,0,0,4450.0,8192.0,0.0,pix+troca_aparelho,SIM,IPH 16 PRO 256GB DESERT,4450.0,NAO,,,,Higor Guedes,85e3aa42-b9af-49b8-a72a-64e9c337aa53,CELL,1,novo,Sem IMEI,SIM,Sem IMEI,valor da venda = 8192 | 3742 pix + 4450 troca | brinde 15
110,14/06/2026,IPHONE 17 PRO MAX 256GB AZUL NOVO,358434709486764,9500.0,0,8800.0,700.0,0,0,4200.0,0,5300.0,9500.0,0.0,cartao_credito+troca_aparelho,SIM,IPH 14 PRO MAX ROXO 256GB; IPH 13 PRO 256GB,5300.0,NAO,,,,Ronald,97f12885-87ad-426a-8bbb-656889d82e10,CASES,19,novo,,NAO,,valor da venda = 9500 | 4200 credito (visa 12x (taxa 12.1%)) + 5300 troca
111,14/06/2026,IPHONE 13 128GB PRETO SEMINOVO,356052832405030,1930.0,10.0,1750.0,170.0,1930.0,0,0,0,0,1930.0,0.0,pix,NAO,,0,NAO,,,,Higor Guedes,85e3aa42-b9af-49b8-a72a-64e9c337aa53,CELL,1,seminovo,,NAO,,valor da venda = 1930 | 1930 pix | brinde 10
112,14/06/2026,IPHONE 17 PRO 256GB BRANCO NOVO,353407733508683,7424.0,10.0,6800.0,614.0,5524.0,0,0,0,1900.0,7424.0,0.0,pix+troca_aparelho,SIM,IPHONE 14 128GB,1900.0,NAO,,,,Higor Guedes,85e3aa42-b9af-49b8-a72a-64e9c337aa53,CELL,1,novo,,NAO,,valor da venda = 7424 | 5524 pix + 1900 troca | brinde 10
113,14/06/2026,IPHONE 17 PRO MAX 512GB AZUL NOVO,,9592.0,25.0,8800.0,767.0,7592.0,0,0,0,2000.0,9592.0,0.0,pix+troca_aparelho,SIM,IPH 16 PRO MAX DESERT 512GB,2000.0,NAO,,,,Higor Guedes,85e3aa42-b9af-49b8-a72a-64e9c337aa53,CELL,1,novo,Sem IMEI,SIM,Sem IMEI,valor da venda = 9592 | 7592 pix + 2000 troca | brinde 25
114,14/06/2026,IPHONE 13 PRO MAX 128GB AZUL SEMINOVO,353967814106970,2830.0,25.0,2600.0,205.0,2830.0,0,0,0,0,2830.0,0.0,pix,NAO,,0,NAO,,,,Higor Guedes,85e3aa42-b9af-49b8-a72a-64e9c337aa53,CELL,1,seminovo,,NAO,,valor da venda = 2830 | 2830 pix | brinde 25
115,16/06/2026,IPHONE 17E 256GB BRANCO NOVO,358835897106321,3900.0,0,3550.0,350.0,3900.0,0,0,0,0,3900.0,0.0,pix+pagamento_junto,NAO,,0,SIM,5,15600.0,0,Renan,a50f1e24-aabb-41c1-b817-b4a4950bb1e4,BLOCO B,20,novo,"Pagto junto (Aparelho 1/4, total grupo R$ 15,600)",NAO,,grupo 5 (115 e 116 e 117 e 118): valor da venda = 3900 | 3900 pix = 3900 | grupo R$ 15600
116,16/06/2026,IPHONE 17E 256GB BRANCO NOVO,351101756151594,3900.0,0,3550.0,350.0,3900.0,0,0,0,0,3900.0,0.0,pagamento_junto,NAO,,0,SIM,5,15600.0,0,Renan,a50f1e24-aabb-41c1-b817-b4a4950bb1e4,BLOCO B,20,novo,"Pagto junto (Aparelho 2/4, total grupo R$ 15,600)",NAO,,grupo 5 (115 e 116 e 117 e 118): valor da venda = 3900 | 3900 pix = 3900 | grupo R$ 15600
117,16/06/2026,IPHONE 17E 256GB BRANCO NOVO,357457926697914,3900.0,0,3550.0,350.0,3900.0,0,0,0,0,3900.0,0.0,pagamento_junto,NAO,,0,SIM,5,15600.0,0,Renan,a50f1e24-aabb-41c1-b817-b4a4950bb1e4,BLOCO B,20,novo,"Pagto junto (Aparelho 3/4, total grupo R$ 15,600)",NAO,,grupo 5 (115 e 116 e 117 e 118): valor da venda = 3900 | 3900 pix = 3900 | grupo R$ 15600
118,16/06/2026,IPHONE 17E 256GB PRETO NOVO,358835898948200,3900.0,0,3600.0,300.0,3900.0,0,0,0,0,3900.0,0.0,pagamento_junto,NAO,,0,SIM,5,15600.0,0,Renan,a50f1e24-aabb-41c1-b817-b4a4950bb1e4,BLOCO B,20,novo,"Pagto junto (Aparelho 4/4, total grupo R$ 15,600)",NAO,,grupo 5 (115 e 116 e 117 e 118): valor da venda = 3900 | 3900 pix = 3900 | grupo R$ 15600
119,16/06/2026,IPHONE 17 PRO MAX 256GB AZUL NOVO,357247251305757,7600.0,0,7450.0,150.0,2650.0,0,0,0,4950.0,7600.0,0.0,pix+troca_aparelho,SIM,16 PRO MAX DESERT 256GB,4950.0,NAO,,,,Renan,a50f1e24-aabb-41c1-b817-b4a4950bb1e4,BLOCO B,20,novo,,NAO,,valor da venda = 7600 | 2650 pix + 4950 troca
120,16/06/2026,IPHONE 15 PRO MAX 256GB AZUL SEMINOVO,,4075.0,0,3950.0,125.0,4040.0,0,0,0,0,4040.0,35.0,pix+dinheiro,NAO,,0,NAO,,,,Higor Guedes,85e3aa42-b9af-49b8-a72a-64e9c337aa53,CELL,1,seminovo,Sem IMEI,SIM,So extraiu: 4040 pix de 4075 → falta R$ 35 sem valor explicito no texto; Sem IMEI,
121,17/06/2026,POCO X8 PRO MAX 512GB PRETO LACRADO,860534086155261,3150.0,5.0,3000.0,145.0,3150.0,0,0,0,0,3150.0,0.0,pix,NAO,,0,NAO,,,,Camila,1d12d555-68e9-45f8-bfc0-a35a1d8d7920,CELL,1,novo,,NAO,,valor da venda = 3150 | 3150 pix | brinde 5
122,17/06/2026,POCO PAD M1 256GB GRAY NOVO,71114/Y6PS00360,2050.0,155.0,1520.0,375.0,2050.0,0,0,0,0,2050.0,0.0,pix,NAO,,0,NAO,,,,Marcela,a3626643-4749-4e56-83bc-b4a8ffd53659,ONLINE,4,novo,,NAO,,valor da venda = 2050 | 2050 pix | brinde 155
123,17/06/2026,IPHONE 17 PRO MAX 256GB SILVER SEMINOVO,35.524665.496195-2,7150.0,25.0,6600.0,525.0,2200.0,0,0,0,4950.0,7150.0,0.0,pix+troca_aparelho,SIM,IPHONE 16 PRO MAX 256GB,4950.0,NAO,,,,Renata,9451cd9f-6770-4e32-aae8-c75fa675e818,CELL,1,seminovo,,NAO,,valor da venda = 7150 | 2200 pix + 4950 troca | brinde 25
124,17/06/2026,LARK HOLLYLAND M2 NOVO,C6HX222JWYG,893.0,0,700.0,193.0,0,0,893.0,0,0,893.0,0.0,cartao_credito,NAO,,0,NAO,,,,Marcela,a3626643-4749-4e56-83bc-b4a8ffd53659,ONLINE,4,novo,,NAO,,valor da venda = 893 | 893 credito
125,17/06/2026,IPHONE 14 PRO MAX 256GB ROXO SEMINOVO,350270052493330,3562.0,45.0,3200.0,317.0,0,0,1712.0,0,1850.0,3562.0,0.0,outros,SIM,ENTRANDO 14 PLUS 128 GB VERMELHO A,1850.0,NAO,,,,Guilherme,25e2da5b-9e76-4388-9890-7e22efd6940d,BLOCO B,20,seminovo,,NAO,,valor da venda = 3562 | 1712 credito (visa 5x (taxa 7.3%)) + 1850 troca | brinde 45
126,17/06/2026,IPHONE 14 PLUS 256GB BRANCO SEMINOVO,359893876795381,2400.0,0,2300.0,100.0,2400.0,0,0,0,0,2400.0,0.0,pix,NAO,,0,NAO,,,,Guilherme,25e2da5b-9e76-4388-9890-7e22efd6940d,BLOCO B,20,seminovo,,NAO,,valor da venda = 2400 | 2400 pix
127,17/06/2026,IPHONE 15 128GB PRETO SEMINOVO,,2900.0,25.0,2660.0,215.0,1900.0,0,0,0,1000.0,2900.0,0.0,pix+troca_aparelho,SIM,IPH 13 PRO MAX,1000.0,NAO,,,,Higor Guedes,85e3aa42-b9af-49b8-a72a-64e9c337aa53,CELL,1,seminovo,Sem IMEI,SIM,Sem IMEI,valor da venda = 2900 | 1900 pix + 1000 troca | brinde 25
128,17/06/2026,IPHONE 17 PRO MAX 256GB BRANCO NOVO,359652120714477,8080.0,25.0,7400.0,655.0,3930.0,0,0,0,4100.0,8030.0,50.0,pix+troca_aparelho,SIM,IPH 16 PRO MAX,4100.0,NAO,,,,Higor Guedes,85e3aa42-b9af-49b8-a72a-64e9c337aa53,CELL,1,novo,,SIM,So extraiu: 3930 pix + 4100 troca de 8080 → falta R$ 50 sem valor explicito no texto,
129,17/06/2026,IPHONE 17 PRO 256GB SILVER NOVO,352574675156523,7250.0,50.0,6650.0,550.0,0,0,5850.42,0,0,5850.42,1399.58,cartao_credito,NAO,,0,NAO,,,,Ronald,97f12885-87ad-426a-8bbb-656889d82e10,CASES,19,novo,,SIM,So extraiu: 5850.42 credito de 7250 → falta R$ 1400 sem valor explicito no texto,
130,17/06/2026,SAMSUNG A56 256GB CINZA NOVO,354403794418663,2250.0,0,2200.0,50.0,2250.0,0,0,0,0,2250.0,0.0,pix,NAO,,0,NAO,,,,Ronald,97f12885-87ad-426a-8bbb-656889d82e10,CASES,19,novo,,NAO,,valor da venda = 2250 | 2250 pix
131,18/06/2026,IPHONE 16 128GB AZUL NOVO,354977708767778,4050.0,10.0,3900.0,140.0,4050.0,0,0,0,0,4050.0,0.0,pix,NAO,,0,NAO,,,,Renan,a50f1e24-aabb-41c1-b817-b4a4950bb1e4,BLOCO B,20,novo,,NAO,,valor da venda = 4050 | 4050 pix | brinde 10
132,18/06/2026,IPAD 11 A16 WIFI 128GB SILVER NOVO,D210DTQ9XH,2503.0,0,2200.0,303.0,2503.0,0,0,0,0,2503.0,0.0,pix,NAO,,0,NAO,,,,Renata,9451cd9f-6770-4e32-aae8-c75fa675e818,CELL,1,novo,,NAO,,valor da venda = 2503 | 2503 pix
133,19/06/2026,IPHONE 16 PRO 256GB PRETO SEMINOVO,352703945001967,4700.0,25.0,4400.0,275.0,0,0,4700.0,0,0,4700.0,0.0,cartao_credito,NAO,,0,NAO,,,,Marcela,a3626643-4749-4e56-83bc-b4a8ffd53659,ONLINE,4,seminovo,,NAO,,valor da venda = 4700 | 4700 credito | brinde 25
134,19/06/2026,IPHONE 14 128GB BRANCO SEMINOVO,352236852663529,2100.0,25.0,1900.0,175.0,0,2100.0,0,0,0,2100.0,0.0,dinheiro,NAO,,0,NAO,,,,Marcela,a3626643-4749-4e56-83bc-b4a8ffd53659,BALCAO,1,seminovo,,NAO,,valor da venda = 2100 | 2100 dinheiro | brinde 25
135,19/06/2026,XIAOMI 15T 512GB PRETO NOVO,866839081675401,3750.0,20.0,3600.0,130.0,3750.0,0,0,0,0,3750.0,0.0,pix,NAO,,0,NAO,,,,Ronald,97f12885-87ad-426a-8bbb-656889d82e10,CASES,19,novo,,NAO,,valor da venda = 3750 | 3750 pix | brinde 20
136,19/06/2026,NOTE 15 PRO PLUS 512GB NOVO,864509082904843,2480.0,0,2400.0,80.0,2480.0,0,0,0,0,2480.0,0.0,pix,NAO,,0,NAO,,,,Ronald,97f12885-87ad-426a-8bbb-656889d82e10,CASES,19,novo,,NAO,,valor da venda = 2480 | 2480 pix
137,19/06/2026,IPHONE 17 256GB VERDE NOVO,355989444640671,5380.0,130.0,4900.0,350.0,4180.0,0,0,0,1200.0,5380.0,0.0,pix+troca_aparelho,SIM,IPH 12 256GB PRETO,1200.0,NAO,,,,Ronald,97f12885-87ad-426a-8bbb-656889d82e10,CASES,19,novo,,NAO,,valor da venda = 5380 | 4180 pix + 1200 troca | brinde 130
138,19/06/2026,IPHONE 17 256GB BRANCO NOVO,355989445638435,5386.0,10.0,4950.0,426.0,3186.0,0,0,0,2200.0,5386.0,0.0,pix+troca_aparelho,SIM,IPH 14 PRO ROXO,2200.0,NAO,,,,Raissa,0dd2c938-c6dd-4f5d-aac5-ed045ee5d2fb,CELL,1,novo,,NAO,,valor da venda = 5386 | 3186 pix + 2200 troca | brinde 10
139,19/06/2026,IPHONE 16 PRO 128GB NATURAL SEMINOVO,356102153998111,4200.0,0,4050.0,150.0,4200.0,0,0,0,0,4200.0,0.0,pix,NAO,,0,NAO,,,,Ruyter,85743f3e-1b32-49c0-9d9e-c16afd690f7d,CASES,19,seminovo,,NAO,,valor da venda = 4200 | 4200 pix
140,19/06/2026,IPHONE 14 PRO MAX 128GB SEMINOVO,356041406297774,3200.0,0,3075.0,125.0,3200.0,0,0,0,0,3200.0,0.0,pix,NAO,,0,NAO,,,,Camila,1d12d555-68e9-45f8-bfc0-a35a1d8d7920,CELL,1,seminovo,,NAO,,valor da venda = 3200 | 3200 pix
141,19/06/2026,IPHONE 11 64GB PRETO SEMINOVO,35117477721195,730.0,0,600.0,130.0,730.0,0,0,0,0,730.0,0.0,pix,NAO,,0,NAO,,,,Higor Guedes,85e3aa42-b9af-49b8-a72a-64e9c337aa53,CELL,1,seminovo,,NAO,,valor da venda = 730 | 730 pix
142,19/06/2026,IPHONE 17 PRO MAX 256GB BRANCO SEMINOVO,350247152428044,6850.0,10.0,6600.0,240.0,2750.0,0,0,0,4100.0,6850.0,0.0,pix+troca_aparelho,SIM,IPH 15 PRO MAX,4100.0,NAO,,,,Higor Guedes,85e3aa42-b9af-49b8-a72a-64e9c337aa53,CELL,1,seminovo,,NAO,,valor da venda = 6850 | 2750 pix + 4100 troca | brinde 10
143,19/06/2026,IPHONE 15 PRO MAX 256GB PRETO SEMINOVO,351503402247645,4000.0,10.0,3800.0,190.0,0,0,0,0,4500.0,4500.0,-500.0,pix+troca_aparelho+pagamento_junto,SIM,IPHONE 12; S24 ULTRA,4500.0,SIM,6,9100.0,0,Higor Guedes,85e3aa42-b9af-49b8-a72a-64e9c337aa53,CELL,1,seminovo,"Pagto junto (Aparelho 1/2, total grupo R$ 9,100)",SIM,"Pagto grupo 6 (total R$ 9100): extraiu 4500 troca deste device, restante R$ 0 compartilhado no grupo",grupo 6 (143 e 144): valor da venda = 4000 | 4500 troca = 4500 | grupo R$ 9100
144,19/06/2026,IPHONE 16 PRO MAX NATURAL SEMINOVO,3563088688131377,5100.0,15.0,4800.0,285.0,5100.0,0,0,0,0,5100.0,0.0,pagamento_junto,NAO,,0,SIM,6,9100.0,0,Higor Guedes,85e3aa42-b9af-49b8-a72a-64e9c337aa53,CELL,1,seminovo,"Pagto junto (Aparelho 2/2, total grupo R$ 9,100)",NAO,,grupo 6 (143 e 144): valor da venda = 5100 | 5100 pix = 5100 | grupo R$ 9100
145,20/06/2026,IPHONE 16 PRO MAX 1TB BRANCO SEMINOVO,356308860291019,5920.0,45.0,5200.0,675.0,5920.0,0,0,0,0,5920.0,0.0,pix,NAO,,0,NAO,,,,Camila,1d12d555-68e9-45f8-bfc0-a35a1d8d7920,CELL,1,seminovo,,NAO,,valor da venda = 5920 | 5920 pix | brinde 45
146,20/06/2026,IPHONE 15 PRO MAX 256GB BRANCO SEMINOVO,355496932694525,4000.0,15.0,3800.0,185.0,4000.0,0,0,0,0,4000.0,0.0,pix,NAO,,0,NAO,,,,Marcela,a3626643-4749-4e56-83bc-b4a8ffd53659,ONLINE,4,seminovo,,NAO,,valor da venda = 4000 | 4000 pix | brinde 15
147,20/06/2026,IPHONE 17 PRO MAX 256GB AZUL NOVO,355101479323146,7300.0,5.0,7000.0,295.0,2400.0,100.0,0,0,4800.0,7300.0,0.0,pix+dinheiro,SIM,ENTROU UM 16 PRO MAX,4800.0,NAO,,,,Marcela,a3626643-4749-4e56-83bc-b4a8ffd53659,ONLINE,4,novo,,NAO,,valor da venda = 7300 | 2400 pix + 100 dinheiro + 4800 troca | brinde 5
148,20/06/2026,IPAD 11 A16 128GB AZUL NOVO,FH20FMGHR2,2373.0,0,2230.0,143.0,2373.0,0,0,0,0,2373.0,0.0,outros,NAO,,0,NAO,,,,Marcela,a3626643-4749-4e56-83bc-b4a8ffd53659,ONLINE,4,novo,,NAO,,valor da venda = 2373 | 2373 pix
149,20/06/2026,IPHONE 15 PRO MAX 256GB AZUL SEMINOVO,358071245002083,4178.0,60.0,3800.0,318.0,0,0,4178.0,0,0,4178.0,0.0,outros,NAO,,0,NAO,,,,Marcela,a3626643-4749-4e56-83bc-b4a8ffd53659,ONLINE,4,seminovo,,NAO,,valor da venda = 4178 | 4178 credito | brinde 60
150,20/06/2026,IPAD 11 128GB AZUL NOVO,CH07LGKN17,2596.0,130.0,2230.0,236.0,1100.0,0,1496.0,0,0,2596.0,0.0,pix,NAO,,0,NAO,,,,Marcela,a3626643-4749-4e56-83bc-b4a8ffd53659,ONLINE,4,novo,,NAO,,valor da venda = 2596 | 1100 pix + 1496 credito | brinde 130
151,20/06/2026,SAMSUNG S24 ULTRA 256GB PRETO SEMINOVO,351339860509485,3875.0,10.0,3500.0,365.0,3730.0,0,145.0,0,0,3875.0,0.0,pix+cartao_credito,NAO,,0,NAO,,,,Ronald,97f12885-87ad-426a-8bbb-656889d82e10,CASES,19,seminovo,,NAO,,valor da venda = 3875 | 3730 pix + 145 credito (visa 1x (taxa 3.9%)) | brinde 10
152,20/06/2026,IPHONE 15 128GB PRETO SEMINOVO,356758346462891,2890.0,10.0,2650.0,215.0,0,0,2890.0,0,0,2890.0,0.0,cartao_credito,NAO,,0,NAO,,,,Ronald,97f12885-87ad-426a-8bbb-656889d82e10,CASES,19,seminovo,,NAO,,valor da venda = 2890 | 2890 credito (visa 12x (taxa 12.1%)) | brinde 10
153,20/06/2026,IPHONE 16 PRO MAX 256GB DESERT SEMINOVO,35762631919678,5000.0,25.0,4800.0,175.0,2500.0,0,0,0,0,2500.0,2500.0,pix,NAO,,0,NAO,,,,Ronald,97f12885-87ad-426a-8bbb-656889d82e10,CASES,19,seminovo,,SIM,So extraiu: 2500 pix de 5000 → falta R$ 2500 sem valor explicito no texto,
154,20/06/2026,IPHONE 17 PRO MAX 256GB SILVER NOVO,350230977615276,7600.0,55.0,7250.0,295.0,0,0,5000.0,0,2600.0,7600.0,0.0,troca_aparelho,SIM,IPH 13 PRO MAX,2600.0,NAO,,,,Ana Beatriz,97f12885-87ad-426a-8bbb-656889d82e10,CASES,19,novo,,NAO,,valor da venda = 7600 | 5000 credito (visa 6x (taxa 8.0%)) + 2600 troca | brinde 55
155,20/06/2026,IPHONE 16 PRO MAX 512GB SEMINOVO - GARANTIA APARELHO 26.02,356864562003003,6450.0,25.0,5920.0,505.0,0,0,0,0,2900.0,2900.0,3550.0,troca_aparelho,SIM,IPHONE 15 512GB A,2900.0,NAO,,,,Guilherme,25e2da5b-9e76-4388-9890-7e22efd6940d,BLOCO B,20,seminovo,,SIM,So extraiu: 2900 troca de 6450 → falta R$ 3550 sem valor explicito no texto,
156,20/06/2026,IPHONE 16 PRO MAX 256GB DESERT SEMINOVO,359518870896865,5100.0,40.0,4800.0,260.0,4700.0,0,0,0,400.0,5100.0,0.0,pix+troca_aparelho,SIM,IPH XR,400.0,NAO,,,,Raissa,0dd2c938-c6dd-4f5d-aac5-ed045ee5d2fb,CELL,1,seminovo,,NAO,,valor da venda = 5100 | 4700 pix + 400 troca | brinde 40
157,20/06/2026,IPHONE 14 LILAS 128GB SEMINOVO,355794422126853,2100.0,15.0,1900.0,185.0,2100.0,0,0,0,0,2100.0,0.0,pix,NAO,,0,NAO,,,,Higor Guedes,85e3aa42-b9af-49b8-a72a-64e9c337aa53,CELL,1,seminovo,,NAO,,valor da venda = 2100 | 2100 pix | brinde 15
158,20/06/2026,IPHONE 12 128GB PRETO SEMINOVO,353490929449011,1280.0,10.0,1160.0,110.0,1000.0,280.0,0,0,0,1280.0,0.0,pix+dinheiro,NAO,,0,NAO,,,,Higor Guedes,85e3aa42-b9af-49b8-a72a-64e9c337aa53,CELL,1,seminovo,,NAO,,valor da venda = 1280 | 1000 pix + 280 dinheiro | brinde 10
159,20/06/2026,MACBOOK NEO 256GB AZUL NOVO,,4527.0,0,4350.0,177.0,4527.0,0,0,0,0,4527.0,0.0,pix,NAO,,0,NAO,,,,Higor Guedes,85e3aa42-b9af-49b8-a72a-64e9c337aa53,CELL,1,novo,Sem IMEI,SIM,Sem IMEI,valor da venda = 4527 | 4527 pix
160,20/06/2026,IPHONE 17 PRO 256GB BRANCO NOVO,,7176.0,15.0,6750.0,411.0,4526.0,0,0,0,2650.0,7176.0,0.0,pix+troca_aparelho,SIM,IPH 14 PRO 128GB,2650.0,NAO,,,,Higor Guedes,85e3aa42-b9af-49b8-a72a-64e9c337aa53,CELL,1,novo,Sem IMEI,SIM,Sem IMEI,valor da venda = 7176 | 4526 pix + 2650 troca | brinde 15
161,20/06/2026,IPHONE 17 PRO MAX 256GB BRANCO SEMINOVO,358640380782129,7350.0,25.0,6600.0,725.0,6150.0,0,0,0,1200.0,7350.0,0.0,pix+troca_aparelho,SIM,IPH 12 PRO MAX 128GB,1200.0,NAO,,,,Higor Guedes,85e3aa42-b9af-49b8-a72a-64e9c337aa53,CELL,1,seminovo,,NAO,,valor da venda = 7350 | 6150 pix + 1200 troca | brinde 25
162,20/06/2026,IPHONE 14 PRO MAX 256GB ROXO SEMINOVO,359761973185063,3562.0,25.0,3150.0,387.0,0,0,0,0,0,0,3562.0,garantia,NAO,,0,NAO,,,,Guilherme,25e2da5b-9e76-4388-9890-7e22efd6940d,BLOCO B,20,seminovo,,SIM,"Nada extraiu de 3562 → formas ""garantia"" sem valores no texto",
163,21/06/2026,IPHONE 15 128GB ROSA SEMINOVO - GARANTIA APARELHO 15.05,358684525276241,2970.0,15.0,2650.0,0,0,0,420.0,0,0,420.0,2550.0,outros,NAO,,0,NAO,,,,Marcela,a3626643-4749-4e56-83bc-b4a8ffd53659,CELL,1,seminovo,,SIM,So extraiu: 420 credito de 2970 → falta R$ 2550 sem valor explicito no texto,
164,21/06/2026,IPHONE 17 PRO MAX 256GB LARANJA NOVO,357247257803680,7420.0,60.0,6900.0,460.0,7420.0,0,0,0,0,7420.0,0.0,pix,NAO,,0,NAO,,,,Marcela,a3626643-4749-4e56-83bc-b4a8ffd53659,ONLINE,4,novo,,NAO,,valor da venda = 7420 | 7420 pix | brinde 60
165,21/06/2026,IPHONE 15 PRO MAX 256GB AZUL SEMINOVO,356964462417806,4170.0,25.0,3800.0,345.0,0,0,4170.0,0,0,4170.0,0.0,outros,NAO,,0,NAO,,,,Marcela,a3626643-4749-4e56-83bc-b4a8ffd53659,ONLINE,4,seminovo,,NAO,,valor da venda = 4170 | 4170 credito | brinde 25
166,21/06/2026,IPHONE 15 PRO MAX 256GB BRANCO SEMINOVO,356964461952969,4000.0,35.0,3600.0,365.0,4000.0,0,0,0,0,4000.0,0.0,pix,NAO,,0,NAO,,,,Ana Beatriz,97f12885-87ad-426a-8bbb-656889d82e10,CASES,19,seminovo,,NAO,,valor da venda = 4000 | 4000 pix | brinde 35
167,21/06/2026,IPHONE 17 PRO MAX 256GB NOVO AZUL,357247257649059,7350.0,5.0,7000.0,345.0,4850.0,500.0,0,0,0,5350.0,2000.0,pix+dinheiro,NAO,,0,NAO,,,,Angel,97f12885-87ad-426a-8bbb-656889d82e10,BLOCO B,20,novo,Vendedor Angel - pendente ID real,SIM,So extraiu: 4850 pix + 500 dinheiro de 7350 → falta R$ 2000 sem valor explicito no texto; Vendedor Angel - pendente ID real,
168,21/06/2026,IPHONE 12 128GB PRETO SEMINOVO,353361737646116,1455.0,23.0,1160.0,272.0,0,0,1455.0,0,0,1455.0,0.0,outros,NAO,,0,NAO,,,,Marcela,a3626643-4749-4e56-83bc-b4a8ffd53659,ONLINE,4,seminovo,,NAO,,valor da venda = 1455 | 1455 credito | brinde 23
169,21/06/2026,IPHONE 15 PLUS 128GB PRETO NOVO,357977669432302,4500.0,15.0,4300.0,185.0,4500.0,0,0,0,0,4500.0,0.0,pix,NAO,,0,NAO,,,,Marcela,a3626643-4749-4e56-83bc-b4a8ffd53659,ONLINE,4,novo,,NAO,,valor da venda = 4500 | 4500 pix | brinde 15
170,21/06/2026,IPHONE 17 PRO 256GB BRANCO NOVO,352574675400509,6950.0,5.0,6750.0,195.0,300.0,1000.0,5650.0,0,0,6950.0,0.0,pix+dinheiro+cartao_credito,NAO,,0,NAO,,,,Marcela,a3626643-4749-4e56-83bc-b4a8ffd53659,ONLINE,4,novo,,NAO,,valor da venda = 6950 | 300 pix + 1000 dinheiro + 5650 credito | brinde 5
171,21/06/2026,IPHONE 17 PRO MAX 256GB BRANCO NOVO,357920795494028,7400.0,5.0,7250.0,145.0,2600.0,0,0,0,4800.0,7400.0,0.0,pix,SIM,ENTROU UM 16 PRO MAX SEMINOVO POR,4800.0,NAO,,,,Marcela,a3626643-4749-4e56-83bc-b4a8ffd53659,ONLINE,4,novo,,NAO,,valor da venda = 7400 | 2600 pix + 4800 troca | brinde 5
172,21/06/2026,IPHONE 17 PRO MAX 256GB LARANJA NOVO,359178371574212,7300.0,20.0,6900.0,380.0,1000.0,0,0,0,6300.0,7300.0,0.0,pix+pagamento_junto,SIM,PAGOU; ENTROU UM 15 PRO MAX SEMINOVO POR,6300.0,SIM,7,7490.0,0,Marcela,a3626643-4749-4e56-83bc-b4a8ffd53659,ONLINE,4,novo,"Pagto junto (Aparelho 1/2, total grupo R$ 7,490)",NAO,,grupo 7 (172 e 173): valor da venda = 7300 | 1000 pix + 6300 troca = 7300 | grupo R$ 7490
173,21/06/2026,FONTE ORIGINAL APPLE BRANCO NOVO,C4H61040G83Q8YQA3,190.0,0,125.0,65.0,190.0,0,0,0,0,190.0,0.0,pagamento_junto,NAO,,0,SIM,7,7490.0,0,Marcela,a3626643-4749-4e56-83bc-b4a8ffd53659,ONLINE,4,novo,"Pagto junto (Aparelho 2/2, total grupo R$ 7,490)",NAO,,grupo 7 (172 e 173): valor da venda = 190 | 190 pix = 190 | grupo R$ 7490
174,21/06/2026,IPHONE 17 PRO MAX 256GB LARANJA NOVO,359178371686834,7360.0,70.0,6900.0,390.0,7360.0,0,0,0,0,7360.0,0.0,pix,NAO,,0,NAO,,,,Marcela,a3626643-4749-4e56-83bc-b4a8ffd53659,ONLINE,4,novo,,NAO,,valor da venda = 7360 | 7360 pix | brinde 70
175,21/06/2026,IPHONE 13 PRO MAX 128GB AZUL SEMINOVO,358074296851614,3115.0,50.0,2550.0,236.0,115.0,0,0,0,0,115.0,3000.0,pix,NAO,,0,NAO,,,,Raissa,0dd2c938-c6dd-4f5d-aac5-ed045ee5d2fb,CELL,1,seminovo,,SIM,So extraiu: 115 pix de 3115 → falta R$ 3000 sem valor explicito no texto,
176,21/06/2026,IPHONE 14 PRO MAX 128GB BRANCO SEMINOVO,353360940717383,3660.0,40.0,3075.0,205.0,3660.0,0,0,0,0,3660.0,0.0,outros,NAO,,0,NAO,,,,Raissa,0dd2c938-c6dd-4f5d-aac5-ed045ee5d2fb,CELL,1,seminovo,,NAO,,valor da venda = 3660 | 3660 pix | brinde 40
177,21/06/2026,IPHONE 13 PRO MAX 512GB AZUL SEMINOVO,359330188973216,3250.0,25.0,2900.0,154.0,1100.0,0,0,0,0,1100.0,2150.0,pix,NAO,,0,NAO,,,,Raissa,0dd2c938-c6dd-4f5d-aac5-ed045ee5d2fb,CELL,1,seminovo,,SIM,So extraiu: 1100 pix de 3250 → falta R$ 2150 sem valor explicito no texto,
178,21/06/2026,IPHONE 16 PRO MAX 256GB DESERT SEMINOVO,357590875015280,5150.0,5.0,4800.0,345.0,5150.0,0,0,0,0,5150.0,0.0,pix,NAO,,0,NAO,,,,Renan,a50f1e24-aabb-41c1-b817-b4a4950bb1e4,BLOCO B,20,seminovo,,NAO,,valor da venda = 5150 | 5150 pix | brinde 5
179,21/06/2026,IPHONE 16 PRO MAX 256GB PRETO SEMINOVO,350572412978086,5100.0,25.0,4800.0,275.0,5100.0,0,0,0,0,5100.0,0.0,pix,NAO,,0,NAO,,,,Renan,a50f1e24-aabb-41c1-b817-b4a4950bb1e4,BLOCO B,20,seminovo,,NAO,,valor da venda = 5100 | 5100 pix | brinde 25
180,21/06/2026,IPHONE 17 PRO MAX 256GB AZUL NOVO,357247257995858,7350.0,20.0,7000.0,320.0,7350.0,0,0,0,0,7350.0,0.0,pix,NAO,,0,NAO,,,,Ronald,97f12885-87ad-426a-8bbb-656889d82e10,CASES,19,novo,,NAO,,valor da venda = 7350 | 7350 pix | brinde 20
181,21/06/2026,IPHONE 13 PRO MAX 128GB GRAFITE SEMINOVO,351596246648317,2700.0,20.0,2550.0,130.0,0,0,2700.0,0,0,2700.0,0.0,cartao_credito,NAO,,0,NAO,,,,Ronald,97f12885-87ad-426a-8bbb-656889d82e10,CASES,19,seminovo,,NAO,,valor da venda = 2700 | 2700 credito (visa 10x (taxa 10.9%)) | brinde 20
182,21/06/2026,IPHONE 13 128GB ROSA SEMINOVO,355611223279998,1850.0,0,1700.0,150.0,0,650.0,0,0,1200.0,1850.0,0.0,dinheiro+troca_aparelho,SIM,IPH 14 128GB PRETO,1200.0,NAO,,,,Ronald,97f12885-87ad-426a-8bbb-656889d82e10,CASES,19,seminovo,,NAO,,valor da venda = 1850 | 650 dinheiro + 1200 troca
183,21/06/2026,IPHONE 11 128GB LILAS SEMINOVO,,800.0,0,700.0,100.0,800.0,0,0,0,0,800.0,0.0,pix,NAO,,0,NAO,,,,Higor Guedes,85e3aa42-b9af-49b8-a72a-64e9c337aa53,CELL,1,seminovo,Sem IMEI,SIM,Sem IMEI,valor da venda = 800 | 800 pix
184,21/06/2026,IPHONE 17 PRO MAX 256GB BRANCO SEMINOVO,35088986579925,7225.0,145.0,6600.0,480.0,4000.0,0,0,0,0,4000.0,3225.0,pix,NAO,,0,NAO,,,,Higor Guedes,85e3aa42-b9af-49b8-a72a-64e9c337aa53,CELL,1,seminovo,,SIM,So extraiu: 4000 pix de 7225 → falta R$ 3225 sem valor explicito no texto,
185,21/06/2026,IPHONE 17 256GB BRANCO NOVO,,5412.0,15.0,4950.0,447.0,5412.0,0,0,0,0,5412.0,0.0,pix,NAO,,0,NAO,,,,Higor Guedes,85e3aa42-b9af-49b8-a72a-64e9c337aa53,CELL,1,novo,Sem IMEI,SIM,Sem IMEI,valor da venda = 5412 | 5412 pix | brinde 15
186,21/06/2026,REDMI NOTE 15 PRO 5G PRETO 512GB NOVO,,1910.0,0,1870.0,40.0,1910.0,0,0,0,0,1910.0,0.0,pix,NAO,,0,NAO,,,,Higor Guedes,85e3aa42-b9af-49b8-a72a-64e9c337aa53,CELL,1,novo,Sem IMEI,SIM,Sem IMEI,valor da venda = 1910 | 1910 pix
187,21/06/2026,IPHONE 17 PRO MAX 256GB BRANCO NOVO,359652123329802,7650.0,25.0,7250.0,375.0,5450.0,0,0,0,2200.0,7650.0,0.0,pix+troca_aparelho,SIM,IPH 14 PLUS 128GB LILAS,2200.0,NAO,,,,Higor Guedes,85e3aa42-b9af-49b8-a72a-64e9c337aa53,CELL,1,novo,,NAO,,valor da venda = 7650 | 5450 pix + 2200 troca | brinde 25
188,21/06/2026,IPHONE 17 PRO MAX 1TB BRANCO NOVO,,10400.0,25.0,10100.0,275.0,5200.0,0,0,0,5200.0,10400.0,0.0,pix+troca_aparelho,SIM,IPH 16 PRO MAX,5200.0,NAO,,,,Higor Guedes,85e3aa42-b9af-49b8-a72a-64e9c337aa53,CELL,1,novo,Sem IMEI,SIM,Sem IMEI,valor da venda = 10400 | 5200 pix + 5200 troca | brinde 25
189,21/06/2026,IPHONE 15 PRO MAX 256GB BRANCO SEMINOVO,,4100.0,65.0,3800.0,235.0,2350.0,0,0,0,1750.0,4100.0,0.0,pix+troca_aparelho+pagamento_junto,SIM,IPH 14 128GB PRETA,1750.0,SIM,8,7266.0,0,Higor Guedes,85e3aa42-b9af-49b8-a72a-64e9c337aa53,CELL,1,seminovo,"Pagto junto (Aparelho 1/2, total grupo R$ 7,266); Sem IMEI",SIM,Sem IMEI,grupo 8 (189 e 190): valor da venda = 4100 | 2350 pix + 1750 troca = 4100 | grupo R$ 7266
190,21/06/2026,IPHONE 14 PRO MAX PRETO SEMINOVO,,3166.0,15.0,3075.0,76.0,3166.0,0,0,0,0,3166.0,0.0,pagamento_junto,NAO,,0,SIM,8,7266.0,0,Higor Guedes,85e3aa42-b9af-49b8-a72a-64e9c337aa53,CELL,1,seminovo,"Pagto junto (Aparelho 2/2, total grupo R$ 7,266); Sem IMEI",SIM,Sem IMEI,grupo 8 (189 e 190): valor da venda = 3166 | 3166 pix = 3166 | grupo R$ 7266
191,21/06/2026,IPHONE 17 PRO MAX 256GB SILVER SEMINOVO,358206130759880,6850.0,0,6600.0,250.0,4400.0,0,0,0,0,4400.0,2450.0,pix+troca_aparelho,NAO,,0,NAO,,,,Ruyter,85743f3e-1b32-49c0-9d9e-c16afd690f7d,CASES,19,seminovo,,SIM,So extraiu: 4400 pix de 6850 → falta R$ 2450 sem valor explicito no texto,
192,21/06/2026,IPHONE 17 PRO MAX 256GB AZUL NOVO,MFXJ4LL/A,7300.0,20.0,7000.0,280.0,5700.0,0,0,0,1600.0,7300.0,0.0,pix,SIM,ENTRANDO 13 128GB VERDE A,1600.0,NAO,,,,Guilherme,25e2da5b-9e76-4388-9890-7e22efd6940d,BLOCO B,20,novo,,NAO,,valor da venda = 7300 | 5700 pix + 1600 troca | brinde 20
193,23/06/2026,IPHONE 17 PRO MAX 256GB AZUL NOVO,357247257710968,7400.0,15.0,7000.0,385.0,4600.0,0,0,0,2800.0,7400.0,0.0,pix,SIM,ENTROU UM 14 PRO MAX SEMINOVO POR,2800.0,NAO,,,,Marcela,a3626643-4749-4e56-83bc-b4a8ffd53659,ONLINE,4,novo,,NAO,,valor da venda = 7400 | 4600 pix + 2800 troca | brinde 15
194,23/06/2026,FONTE APPLE ORIGINAL BRANCO,C4H6123284GQ8YQAZ,330.0,35.0,125.0,170.0,330.0,0,0,0,0,330.0,0.0,pix,NAO,,0,NAO,,,,Marcela,a3626643-4749-4e56-83bc-b4a8ffd53659,ONLINE,4,seminovo,,NAO,,valor da venda = 330 | 330 pix | brinde 35
195,23/06/2026,IPHONE 17 PRO MAX 256GB LARANJA NOVO,355101477277286,7203.0,15.0,6900.0,288.0,0,0,7203.0,0,0,7203.0,0.0,outros,NAO,,0,NAO,,,,Marcela,a3626643-4749-4e56-83bc-b4a8ffd53659,ONLINE,4,novo,,NAO,,valor da venda = 7203 | 7203 credito | brinde 15
196,23/06/2026,IPHONE 17 PRO MAX 256GB LARANJA NOVO,359652126214217,7345.0,45.0,6900.0,400.0,0,0,2545.0,0,4800.0,7345.0,0.0,outros,SIM,ENTROU UM 16 PRO MAX 256 SEMINOVO POR,4800.0,NAO,,,,Marcela,a3626643-4749-4e56-83bc-b4a8ffd53659,ONLINE,4,novo,,NAO,,valor da venda = 7345 | 2545 credito + 4800 troca | brinde 45
197,23/06/2026,IPHONE 17 PRO MAX 256GB SILVER LACRADO,359372359613163,8372.0,40.0,7250.0,236.0,0,0,0,0,1300.0,1300.0,7072.0,troca_aparelho,SIM,IPHONE 11 PRO MAX,1300.0,NAO,,,,Raissa,0dd2c938-c6dd-4f5d-aac5-ed045ee5d2fb,CELL,1,novo,,SIM,So extraiu: 1300 troca de 8372 → falta R$ 7072 sem valor explicito no texto,
198,23/06/2026,IPHONE 16 PRO MAX 1TB NATURAL SEMINOVO,359222380475605,5566.0,0,5200.0,366.0,5566.0,0,0,0,0,5566.0,0.0,pix,NAO,,0,NAO,,,,Higor Guedes,85e3aa42-b9af-49b8-a72a-64e9c337aa53,CELL,1,seminovo,,NAO,,valor da venda = 5566 | 5566 pix
199,23/06/2026,IPHONE 17 PRO MAX 256GB AZUL SEMINOVO,359285691157691,7500.0,10.0,6600.0,890.0,4850.0,0,0,0,2650.0,7500.0,0.0,pix+troca_aparelho,SIM,IPH 14 PRO 256GB PRETO,2650.0,NAO,,,,Higor Guedes,85e3aa42-b9af-49b8-a72a-64e9c337aa53,CELL,1,seminovo,,NAO,,valor da venda = 7500 | 4850 pix + 2650 troca | brinde 10
200,23/06/2026,IPHONE 17 PRO MAX 256GB BRANCO NOVO,359372358367985,7750.0,145.0,7250.0,355.0,5100.0,0,0,0,2650.0,7750.0,0.0,pix+troca_aparelho,SIM,IPH 15 128GB PRETO,2650.0,NAO,,,,Higor Guedes,85e3aa42-b9af-49b8-a72a-64e9c337aa53,CELL,1,novo,,NAO,,valor da venda = 7750 | 5100 pix + 2650 troca | brinde 145
201,23/06/2026,IPHONE 17 PRO MAX 256GB AZUL SEMINOVO,35928569296526,6950.0,10.0,6600.0,340.0,3150.0,0,0,0,3800.0,6950.0,0.0,pix+troca_aparelho+pagamento_junto,SIM,IPH 14 256GB PRETO; IPH 13 128GB,3800.0,SIM,9,14700.0,0,Higor Guedes,85e3aa42-b9af-49b8-a72a-64e9c337aa53,CELL,1,seminovo,"Pagto junto (Aparelho 1/2, total grupo R$ 14,700)",NAO,,grupo 9 (201 e 202): valor da venda = 6950 | 3150 pix + 3800 troca = 6950 | grupo R$ 14700
202,23/06/2026,IPHONE 17 PRO MAX BRANCO NOVO,353763617375619,7750.0,15.0,7250.0,485.0,7750.0,0,0,0,0,7750.0,0.0,pagamento_junto,NAO,,0,SIM,9,14700.0,0,Higor Guedes,85e3aa42-b9af-49b8-a72a-64e9c337aa53,CELL,1,novo,"Pagto junto (Aparelho 2/2, total grupo R$ 14,700)",NAO,,grupo 9 (201 e 202): valor da venda = 7750 | 7750 pix = 7750 | grupo R$ 14700
203,23/06/2026,APPLE WATCH S11 46 MM SPACE GRAY NOVO,mwyy9c3fq5,2450.0,5.0,2750.0,295.0,2450.0,0,0,0,0,2450.0,0.0,pix,NAO,,0,NAO,,,,Guilherme,25e2da5b-9e76-4388-9890-7e22efd6940d,BLOCO B,20,novo,,NAO,,valor da venda = 2450 | 2450 pix | brinde 5
204,24/06/2026,IPHONE 17 PRO MAX 256GB LARANJA NOVO,357247258909189,7150.0,15.0,6900.0,235.0,7150.0,0,0,0,0,7150.0,0.0,pix+pagamento_junto,NAO,,0,SIM,10,7300.0,0,Marcela,a3626643-4749-4e56-83bc-b4a8ffd53659,ONLINE,4,novo,"Pagto junto (Aparelho 1/2, total grupo R$ 7,300)",NAO,,grupo 10 (204 e 205): valor da venda = 7150 | 7150 pix = 7150 | grupo R$ 7300
205,24/06/2026,FONTE APPLE ORIGINAL,C4H610305UYQ8YQAU,150.0,0,125.0,25.0,150.0,0,0,0,0,150.0,0.0,pagamento_junto,NAO,,0,SIM,10,7300.0,0,Marcela,a3626643-4749-4e56-83bc-b4a8ffd53659,ONLINE,4,seminovo,"Pagto junto (Aparelho 2/2, total grupo R$ 7,300)",NAO,,grupo 10 (204 e 205): valor da venda = 150 | 150 pix = 150 | grupo R$ 7300
206,24/06/2026,IPHONE 17 PRO MAX 256GB AZUL NOVO,357247258811823,7500.0,35.0,7000.0,465.0,1000.0,0,0,0,4800.0,5800.0,1700.0,pix+troca_aparelho,SIM,IPHONE 16 PRO MAX,4800.0,NAO,,,,Ruyter,85743f3e-1b32-49c0-9d9e-c16afd690f7d,CASES,19,novo,,SIM,So extraiu: 1000 pix + 4800 troca de 7500 → falta R$ 1700 sem valor explicito no texto,
207,24/06/2026,IPHONE 16 PRO MAX 256GB NATURAL SEMINOVO,355445520114743,5000.0,20.0,4800.0,180.0,2200.0,0,0,0,2800.0,5000.0,0.0,pix+troca_aparelho,SIM,IPH 14 PRO MAX ROXO 256GB,2800.0,NAO,,,,Ronald,97f12885-87ad-426a-8bbb-656889d82e10,CASES,19,seminovo,,NAO,,valor da venda = 5000 | 2200 pix + 2800 troca | brinde 20
208,24/06/2026,IPAD 11 128GB SILVER NOVO,J9JJP7WP9G,2410.0,20.0,2230.0,170.0,1560.0,0,850.0,0,0,2410.0,0.0,pix+cartao_credito,NAO,,0,NAO,,,,Ronald,97f12885-87ad-426a-8bbb-656889d82e10,CASES,19,novo,,NAO,,valor da venda = 2410 | 1560 pix + 850 credito (visa 2x (taxa 5.0%)) | brinde 20
209,24/06/2026,IPHONE 16 PRO MAX 256GB BRANCO SEMINOVO,,5122.0,25.0,4800.0,297.0,5122.0,0,0,0,0,5122.0,0.0,pix,NAO,,0,NAO,,,,Ruyter,85743f3e-1b32-49c0-9d9e-c16afd690f7d,CASES,19,seminovo,Sem IMEI,SIM,Sem IMEI,valor da venda = 5122 | 5122 pix | brinde 25
210,24/06/2026,IPHONE 17 PRO MAX 256GB LARANJA NOVO,359178370047483,7200.0,15.0,6900.0,285.0,7200.0,0,0,0,0,7200.0,0.0,pix,NAO,,0,NAO,,,,Higor Guedes,85e3aa42-b9af-49b8-a72a-64e9c337aa53,CELL,1,novo,,NAO,,valor da venda = 7200 | 7200 pix | brinde 15
211,24/06/2026,IPHONE 17 PRO MAX 256GB LARANJA NOVO,351205748943701,7000.0,0,6900.0,100.0,7000.0,0,0,0,0,7000.0,0.0,pix,NAO,,0,NAO,,,,Higor Guedes,85e3aa42-b9af-49b8-a72a-64e9c337aa53,CELL,1,novo,,NAO,,valor da venda = 7000 | 7000 pix
212,24/06/2026,IPHONE 17 PRO MAX 256GB SILVER NOVO,350230979927422,7450.0,25.0,7200.0,225.0,3750.0,0,0,0,3700.0,7450.0,0.0,pix+pagamento_junto,SIM,ENTRANDO 15 PRO MAX 256 GB A,3700.0,SIM,11,8700.0,0,Guilherme,25e2da5b-9e76-4388-9890-7e22efd6940d,BLOCO B,20,novo,"Pagto junto (Aparelho 1/2, total grupo R$ 8,700)",NAO,,grupo 11 (212 e 213): valor da venda = 7450 | 3750 pix + 3700 troca = 7450 | grupo R$ 8700
213,24/06/2026,IPHONE 11 PRO 256GB PRETO SEMINOVO,353237102003044,1250.0,25.0,1000.0,225.0,1250.0,0,0,0,0,1250.0,0.0,pagamento_junto,NAO,,0,SIM,11,8700.0,0,Guilherme,25e2da5b-9e76-4388-9890-7e22efd6940d,BLOCO B,20,seminovo,"Pagto junto (Aparelho 2/2, total grupo R$ 8,700)",NAO,,grupo 11 (212 e 213): valor da venda = 1250 | 1250 pix = 1250 | grupo R$ 8700
214,25/06/2026,IPHONE 17 PRO MAX 256GB LARANJA NOVO,357247258431358,7000.0,0,6900.0,100.0,7000.0,0,0,0,0,7000.0,0.0,pix,NAO,,0,NAO,,,,Ronald,97f12885-87ad-426a-8bbb-656889d82e10,CASES,19,novo,,NAO,,valor da venda = 7000 | 7000 pix
215,25/06/2026,IPHONE 17 PRO MAX 256GB LARANJA NOVO,359178372430588,7806.0,10.0,6900.0,535.0,2000.0,0,3306.0,0,2500.0,7806.0,0.0,pix+cartao_credito+troca_aparelho,SIM,IPHONE 15 PRO MAX,2500.0,NAO,,,,Raissa,0dd2c938-c6dd-4f5d-aac5-ed045ee5d2fb,CELL,1,novo,,NAO,,valor da venda = 7806 | 2000 pix + 3306 credito + 2500 troca | brinde 10
216,25/06/2026,IPHONE 16 128GB VERDE NOVO,356342310956822,4200.0,5.0,4050.0,145.0,2550.0,0,0,0,1650.0,4200.0,0.0,pix,SIM,ENTROU UM 13 SEMINOVO POR,1650.0,NAO,,,,Marcela,a3626643-4749-4e56-83bc-b4a8ffd53659,ONLINE,4,novo,,NAO,,valor da venda = 4200 | 2550 pix + 1650 troca | brinde 5
217,25/06/2026,IPHONE 17 PRO MAX 256GB SILVER NOVO,351205747937779,7350.0,5.0,7200.0,145.0,0,0,2550.0,0,4800.0,7350.0,0.0,outros,SIM,ENTROU UM 16 PRO MAX SEMINOVO POR,4800.0,NAO,,,,Marcela,a3626643-4749-4e56-83bc-b4a8ffd53659,ONLINE,4,novo,,NAO,,valor da venda = 7350 | 2550 credito + 4800 troca | brinde 5
218,25/06/2026,IPHONE 17 PRO MAX 256GB AZUL NOVO,351668147569627,7205.0,15.0,7000.0,190.0,0,0,2405.0,0,4800.0,7205.0,0.0,outros,SIM,ENTROU UM 16 PRO MAX SEMINOVO POR,4800.0,NAO,,,,Marcela,a3626643-4749-4e56-83bc-b4a8ffd53659,ONLINE,4,novo,,NAO,,valor da venda = 7205 | 2405 credito + 4800 troca | brinde 15
219,25/06/2026,IPHONE 15 256GB PRETA SEMINOVO,354278704607005,3400.0,25.0,2900.0,475.0,0,0,3100.0,0,300.0,3400.0,0.0,outros,SIM,ENTROU UM 11 SEMINOVO POR,300.0,NAO,,,,Marcela,a3626643-4749-4e56-83bc-b4a8ffd53659,ONLINE,4,seminovo,,NAO,,valor da venda = 3400 | 3100 credito + 300 troca | brinde 25
220,25/06/2026,IPHONE 14 128GB BRANCO SEMINOVO,354248589657888,2200.0,20.0,1900.0,280.0,0,0,1600.0,0,500.0,2100.0,100.0,dinheiro,SIM,ENTROU UM 11 SEMINOVO POR,500.0,NAO,,,,Marcela,a3626643-4749-4e56-83bc-b4a8ffd53659,ONLINE,4,seminovo,,SIM,So extraiu: 1600 credito + 500 troca de 2200 → falta R$ 100 sem valor explicito no texto,
221,25/06/2026,IPHONE 15 PRO MAX 512GB PRETO SEMINOVO,354570359750878,4300.0,0,4100.0,200.0,4100.0,0,0,0,0,4100.0,200.0,pix,NAO,,0,NAO,,,,Ronald,97f12885-87ad-426a-8bbb-656889d82e10,CASES,19,seminovo,,SIM,So extraiu: 4100 pix de 4300 → falta R$ 200 sem valor explicito no texto,
222,25/06/2026,IPHONE 17 PRO MAX 256GB AZUL NOVO,357247257477469,7300.0,15.0,7000.0,285.0,3500.0,0,0,0,3800.0,7300.0,0.0,pix,SIM,ENTROU UM 15 PRO MAX SEMINOVO POR,3800.0,NAO,,,,Marcela,a3626643-4749-4e56-83bc-b4a8ffd53659,ONLINE,4,novo,,NAO,,valor da venda = 7300 | 3500 pix + 3800 troca | brinde 15
223,25/06/2026,IPHONE 15 PRO MAX 256GB PRETO SEMINOVO,358862620187345,4000.0,25.0,3800.0,175.0,1000.0,3000.0,0,0,0,4000.0,0.0,pix+dinheiro,NAO,,0,NAO,,,,Raissa,0dd2c938-c6dd-4f5d-aac5-ed045ee5d2fb,CELL,1,seminovo,,NAO,,valor da venda = 4000 | 1000 pix + 3000 dinheiro | brinde 25
224,25/06/2026,IPHONE 17 PRO MAX 256GB LARANJA NOVO,,7200.0,35.0,6900.0,265.0,4300.0,0,0,0,2900.0,7200.0,0.0,pix+troca_aparelho,SIM,14 PRO MAX 128GB,2900.0,NAO,,,,Renata,9451cd9f-6770-4e32-aae8-c75fa675e818,CELL,1,novo,Sem IMEI,SIM,Sem IMEI,valor da venda = 7200 | 4300 pix + 2900 troca | brinde 35
225,30/06/2026,REDMI PAD 2 128GB GRAFIT NOVO,65520/W5Z501219,1200.0,0,900.0,210.0,1200.0,0,0,0,0,1200.0,0.0,pix,NAO,,0,NAO,,,,Higor Guedes,85e3aa42-b9af-49b8-a72a-64e9c337aa53,CELL,1,novo,,NAO,,valor da venda = 1200 | 1200 pix
