orig_linha,data,data_iso,modelo,marca,imei,imei_dup,valor_venda,brinde,custo,lucro,forma_orig,formas_norm,pix,dinheiro,cartao_credito,cartao_debito,troca_aparelho,modelo_troca,soma_pgto,precisa_revisao,motivo_revisao,estado,vendedor,vendedor_id,loja,loja_id,issues
2,04/06/2026,2026-06-04,IPHONE 17 PRO 256GB SILVER NOVO,Apple,357679992297861,,7370.0,30.0,6950.0,390.0,"Entrou um 14 pro Max seminovo por 3000,00 /4300,00 pix /70,00 pix",troca_aparelho,0.0,0.0,0.0,0.0,4.0,1,4.0,NAO,,novo,Marcela,a3626643-4749-4e56-83bc-b4a8ffd53659,ONLINE,4,
3,04/06/2026,2026-06-04,IPHONE 15 128GB AZUL SEMINOVO,Apple,351698471567244,,2900.0,25.0,2660.0,215.0,"1450,00 pix / entrou um 13 seminovo por 1450,00",pix + troca_aparelho,1450.0,0.0,0.0,0.0,3.0,1,1453.0,NAO,,novo,Marcela,a3626643-4749-4e56-83bc-b4a8ffd53659,ONLINE,4,
4,04/06/2026,2026-06-04,IPHONE 15 PRO MAX 256GB PRETO SEMINOVO,Apple,351465644827966,,4400.0,23.0,4100.0,277.0,"2500,00 pix / entrou um 14 seminovo por 1900,00",pix + troca_aparelho,2500.0,0.0,0.0,0.0,4.0,1,2504.0,NAO,,novo,Marcela,a3626643-4749-4e56-83bc-b4a8ffd53659,ONLINE,4,
5,04/06/2026,2026-06-04,IPHONE 16 PRO MAX 256GB DESERT NOVO,Apple,357590879692399,,5970.0,0.0,5850.0,120.0,R$1990 no pix + R$3980 no crédito,cartao_credito + pix,1990.0,0.0,3980.0,0.0,0.0,,5970.0,NAO,,novo,Renan,a50f1e24-aabb-41c1-b817-b4a4950bb1e4,BLOCO B,20,
6,04/06/2026,2026-06-04,IPHONE 14 128GB BRANCO SEMINOVO,Apple,353687476380990,,2100.0,0.0,1900.0,200.0,"R$450 no crédito + pegando um iphone 13 azul 128g por R$1650,00",cartao_credito + troca_aparelho,0.0,0.0,450.0,0.0,3.0,1,453.0,NAO,,novo,Renan,a50f1e24-aabb-41c1-b817-b4a4950bb1e4,BLOCO B,20,
7,04/06/2026,2026-06-04,IPHONE 15 128GB ROSA SEMINOVO,Apple,353850628182660,,2950.0,35.0,2660.0,255.0,"1000,00 pix / 1950,00 em 5x",cartao_credito + pix,1000.0,0.0,1950.0,0.0,0.0,,2950.0,NAO,,novo,Marcela,a3626643-4749-4e56-83bc-b4a8ffd53659,ONLINE,4,
8,04/06/2026,2026-06-04,IPHONE 17 256GB BRANCO NOVO,Apple,359973613643894,,4700.0,25.0,4600.0,75.0,"9324,00 em 10x (PAGAMENTO JUNTO APARELHO 1)",cartao_credito,0.0,0.0,9324.0,0.0,0.0,,9324.0,NAO,,novo,Marcela,a3626643-4749-4e56-83bc-b4a8ffd53659,ONLINE,4,
9,04/06/2026,2026-06-04,IPHONE 17 256GB PRETO NOVO,Apple,351205581240124,,4624.0,30.0,4500.0,94.0,PAGAMENTO JUNTO APARELHO 2,pagamento_junto_secundario,0,0,0,0,0,,0,SIM,pagamento junto - aparelho 2+,novo,Marcela,a3626643-4749-4e56-83bc-b4a8ffd53659,ONLINE,4,
10,04/06/2026,2026-06-04,POCO X8 PRO MAX 512GB BRANCO NOVO,Outros,860534086640486,,3050.0,0.0,2950.0,100.0,"3.050,00 PIX",pix,3050.0,0.0,0.0,0.0,0.0,,3050.0,NAO,,novo,Ronald,97f12885-87ad-426a-8bbb-656889d82e10,CASES,19,
11,04/06/2026,2026-06-04,IPHONE 17 PRO MAX 256GB SILVER NOVO,Apple,351205745375915,,7750.0,0.0,7500.0,250.0,"4.050,00 DINHEIRO / ENTRADA IPH 15 PRO MAX 256GB R$ 3.700,00",dinheiro + troca_aparelho,0.0,4050.0,0.0,0.0,5.0,1,4055.0,NAO,,novo,Ronald,97f12885-87ad-426a-8bbb-656889d82e10,CASES,19,
12,04/06/2026,2026-06-04,POCO X8 PRO 512GB PRETO NOVO,Outros,V865532083172607,,2500.0,0.0,2300.0,200.0,"R$1.630,43 CRÉDITO 6x / 1.000,00 PIX",cartao_credito + pix,1000.0,0.0,1630.43,0.0,0.0,,2630.43,NAO,,novo,Ronald,97f12885-87ad-426a-8bbb-656889d82e10,CASES,19,
13,04/06/2026,2026-06-04,IPHONE 17 PRO MAX 256GB AZUL NOVO,Apple,359652120809905,,7467.0,30.0,7230.0,207.0,"R$5.768,21 CRÉDITO 3X / ENTRADA IPH 13 PRO MAX R$ 2.100,00",cartao_credito + troca_aparelho,0.0,0.0,5768.21,0.0,3.0,1,5771.21,NAO,,novo,Ronald,97f12885-87ad-426a-8bbb-656889d82e10,CASES,19,
14,04/06/2026,2026-06-04,IPHONE 13 PRO 256GB GOLD SEMINOVO,Apple,356133317489721,,2806.0,25.0,2300.0,481.0,PIX,pix,0.0,0.0,0.0,0.0,0.0,,0.0,SIM,nenhum pagamento extraido,novo,Higor Guedes,85e3aa42-b9af-49b8-a72a-64e9c337aa53,CELL,1,
15,04/06/2026,2026-06-04,APPLE WATCH SERIES 8 STARLHIG SEMINOVO,Apple,LVVK104JHQ,,1100.0,0.0,750.0,350.0,DINHEIRO,dinheiro,0.0,0.0,0.0,0.0,0.0,,0.0,SIM,nenhum pagamento extraido,novo,Higor Guedes,85e3aa42-b9af-49b8-a72a-64e9c337aa53,CELL,1,
16,04/06/2026,2026-06-04,IPHONE 15 128GB PRETO NOVO,Apple,355225777788922,,3836.0,0.0,3600.0,236.0,"PIX 1.300,00 / PIX R$ 1.986,00",pix,3286.0,0.0,0.0,0.0,0.0,,3286.0,NAO,,novo,Higor Guedes,85e3aa42-b9af-49b8-a72a-64e9c337aa53,CELL,1,
17,04/06/2026,2026-06-04,IPHONE 16 PRO 128GB PRETO SEMINOVO,Apple,,,5000.0,25.0,4500.0,475.0,"PIX R$ 1.550,00 / ENTRADA IPH 16 AZUL 128GB R$ 3.450,00",pix + troca_aparelho,1550.0,0.0,0.0,0.0,6.0,1,1556.0,NAO,,novo,Higor Guedes,85e3aa42-b9af-49b8-a72a-64e9c337aa53,CELL,1,sem IMEI
18,04/06/2026,2026-06-04,IPHONE 12 PRO MAX 128GB AZUL SEMINOVO,Apple,357014741019624,,2300.0,25.0,2000.0,275.0,"1.300 dinheiro / entrando IPHONE 12 128GB PRETO A - 1.000,00",dinheiro + troca_aparelho,0.0,1300.0,0.0,0.0,2.0,1,1302.0,NAO,,novo,Guilherme,25e2da5b-9e76-4388-9890-7e22efd6940d,BLOCO B,20,
19,05/06/2026,2026-06-05,IPHONE 15 PRO MAX 256GB SEMINOVO,Apple,351503400050470,,3950.0,25.0,3700.0,225.0,"1000,00 pix /2950,00 pix",pix,3950.0,0.0,0.0,0.0,0.0,,3950.0,NAO,,novo,Marcela,a3626643-4749-4e56-83bc-b4a8ffd53659,ONLINE,4,
20,05/06/2026,2026-06-05,MacBook Air m5 midnight 16/512 NOVO,Apple,/DFD4FJ0J2Q,,6930.0,60.0,6700.0,170.0,PIX,pix,0.0,0.0,0.0,0.0,0.0,,0.0,SIM,nenhum pagamento extraido,novo,Marcela,a3626643-4749-4e56-83bc-b4a8ffd53659,ONLINE,4,
21,05/06/2026,2026-06-05,POCO C85 PRETO 256GB NOVO,Outros,864280082529028,,1010.0,0.0,880.0,130.0,PIX,pix,0.0,0.0,0.0,0.0,0.0,,0.0,SIM,nenhum pagamento extraido,novo,Renan,a50f1e24-aabb-41c1-b817-b4a4950bb1e4,BLOCO B,20,
22,05/06/2026,2026-06-05,IPHONE 15 128GB PRETO NOVO,Apple,359867882327710,,3700.0,0.0,3600.0,100.0,"R$7400,00 no pix PAGAMENTO JUNTO, APARELHO 1",pix,7400.0,0.0,0.0,0.0,0.0,,7400.0,NAO,,novo,Renan,a50f1e24-aabb-41c1-b817-b4a4950bb1e4,BLOCO B,20,
23,05/06/2026,2026-06-05,IPHONE 15 128GB PRETO NOVO,Apple,351713518508703,,3700.0,0.0,3600.0,100.0,PAGAMENTO JUNTO APARELHO 2,pagamento_junto_secundario,0,0,0,0,0,,0,SIM,pagamento junto - aparelho 2+,novo,Renan,a50f1e24-aabb-41c1-b817-b4a4950bb1e4,BLOCO B,20,
24,05/06/2026,2026-06-05,MACBOOK NEO ROSA 256GB NOVO,Apple,K76LHCP7F,,4551.0,30.0,4350.0,171.0,4551 em 18x,cartao_credito,0.0,0.0,4551.0,0.0,0.0,,4551.0,NAO,,novo,Marcela,a3626643-4749-4e56-83bc-b4a8ffd53659,BLOCO B,20,
25,05/06/2026,2026-06-05,IPHONE 14 128GB PRETO SEMINOVO,Apple,355123373512780,,2070.0,20.0,1900.0,100.0,"260,00 pix /260,00 pix/ 60 pix / 1490 em 10x",cartao_credito + pix,580.0,0.0,1490.0,0.0,0.0,,2070.0,NAO,,novo,Marcela,a3626643-4749-4e56-83bc-b4a8ffd53659,ONLINE,4,
26,05/06/2026,2026-06-05,REDMI NOTE 15 4G 256GB AZUL NOVO,Xiaomi,862315083031764,,1211.0,0.0,1150.0,61.0,"100 pix/1111,00 em 5x",cartao_credito + pix,100.0,0.0,1111.0,0.0,0.0,,1211.0,NAO,,novo,Marcela,a3626643-4749-4e56-83bc-b4a8ffd53659,ONLINE,4,
27,05/06/2026,2026-06-05,JBL BOOMBOX 3 PRETA NOVO,Outros,JBLB00MB0X3BLKBR,,1860.0,0.0,1780.0,80.0,PIX,pix,0.0,0.0,0.0,0.0,0.0,,0.0,SIM,nenhum pagamento extraido,novo,Renan,a50f1e24-aabb-41c1-b817-b4a4950bb1e4,BLOCO B,20,
28,05/06/2026,2026-06-05,IPHONE 15 128GB PRETO NOVO,Apple,355225779424203,,3750.0,5.0,3600.0,145.0,PIX,pix,0.0,0.0,0.0,0.0,0.0,,0.0,SIM,nenhum pagamento extraido,novo,Renan,a50f1e24-aabb-41c1-b817-b4a4950bb1e4,BLOCO B,20,
29,05/06/2026,2026-06-05,IPHONE 14 PRO 256GB BRANCO SEMINOVO,Apple,54001278899018,,3325.0,25.0,2900.0,400.0,"R$ 525,00 PIX / R$ 3.890,23 CREDITO 18X - PAGAMENTO JUNTO , APARELHO 1",cartao_credito + pix,525.0,0.0,3890.23,0.0,0.0,,4415.23,NAO,,novo,Ronald,97f12885-87ad-426a-8bbb-656889d82e10,CASES,19,
30,05/06/2026,2026-06-05,IPHONE 14 PRO MAX 128GB PRETO SEMINOVO,Apple,351548866512357,,3385.0,25.0,3150.0,210.0,PAGAMENTO JUNTO APARELHO 2,pagamento_junto_secundario,0,0,0,0,0,,0,SIM,pagamento junto - aparelho 2+,novo,Ronald,97f12885-87ad-426a-8bbb-656889d82e10,CASES,19,
31,05/06/2026,2026-06-05,REDMI PAD 2 256GB CINZA NOVO,Xiaomi,65577/W6PT04947,,1500.0,48.0,1240.0,212.0,"R$1.630,43 CRÉDITO 6x",cartao_credito,0.0,0.0,1630.43,0.0,0.0,,1630.43,NAO,,novo,Ronald,97f12885-87ad-426a-8bbb-656889d82e10,CASES,19,
32,05/06/2026,2026-06-05,IPHONE 14 128GB PRETO SEMINOVO,Apple,351592243452233,,2100.0,10.0,1900.0,190.0,"PIX R$ 1.650,00 / R$ 50,00 DINHEIRO / ENTRADA IPH XR 64GB PRETO R$ 400,00",dinheiro + pix + troca_aparelho,1650.0,50.0,0.0,0.0,4.0,6,1704.0,NAO,,novo,Higor Guedes,85e3aa42-b9af-49b8-a72a-64e9c337aa53,CELL,1,
33,05/06/2026,2026-06-05,IPHONE 17 256GB BRANCO NOVO,Apple,,,4980.0,135.0,2600.0,245.0,"PIX R$ 4.380,00 / ENTRADA IPH 128GB PRETO R$ 600,00",pix + troca_aparelho,4380.0,0.0,0.0,0.0,28.0,1,4408.0,NAO,,novo,Higor Guedes,85e3aa42-b9af-49b8-a72a-64e9c337aa53,CELL,1,sem IMEI
34,06/06/2026,2026-06-06,IPHONE 17 256GB AZUL NOVO,Apple,352824462371275,,4750.0,45.0,4500.0,205.0,PIX,pix,0.0,0.0,0.0,0.0,0.0,,0.0,SIM,nenhum pagamento extraido,novo,Marcela,a3626643-4749-4e56-83bc-b4a8ffd53659,ONLINE,4,
35,06/06/2026,2026-06-06,IPAD 11° (A16) 128GB SILVER NOVO,Apple,DMY20XLJ95,,2599.0,120.0,2250.0,229.0,"2542,00 em 12/ 57 1x",cartao_credito + pix?,2542.0,0.0,57.0,0.0,0.0,,2599.0,NAO,,novo,Marcela,a3626643-4749-4e56-83bc-b4a8ffd53659,ONLINE,4,
36,06/06/2026,2026-06-06,IPHONE 15 PRO MAX 256GB PRETO SEMINOVO,Apple,352033763715583,,3910.0,25.0,3700.0,185.0,"30,00 pix /3880 debito",cartao_debito + pix,30.0,0.0,0.0,3880.0,0.0,,3910.0,NAO,,novo,Marcela,a3626643-4749-4e56-83bc-b4a8ffd53659,ONLINE,4,
37,06/06/2026,2026-06-06,IPAD 11° (A16) 128GB SILVER NOVO,Apple,DV71MXVDQ7,,2542.0,110.0,2200.0,232.0,2542 em 12x,cartao_credito,0.0,0.0,2542.0,0.0,0.0,,2542.0,NAO,,novo,Marcela,a3626643-4749-4e56-83bc-b4a8ffd53659,ONLINE,4,
38,06/06/2026,2026-06-06,IPAD 11° (A16) 128GB AZUL NOVO,Apple,JTPYCFFWY4,,2450.0,110.0,2200.0,140.0,PIX,pix,0.0,0.0,0.0,0.0,0.0,,0.0,SIM,nenhum pagamento extraido,novo,Marcela,a3626643-4749-4e56-83bc-b4a8ffd53659,ONLINE,4,
39,06/06/2026,2026-06-06,IPHONE 15 PRO MAX 256GB PRETO SEMINOVO,Apple,352229491749619,,3950.0,10.0,3700.0,240.0,2050 dinheiro/1900 pix,dinheiro + pix,1900.0,2050.0,0.0,0.0,0.0,,3950.0,NAO,,novo,Marcela,a3626643-4749-4e56-83bc-b4a8ffd53659,ONLINE,4,
40,06/06/2026,2026-06-06,IPHONE 17 256GB BRANCO NOVO,Apple,359973613777577,,4820.0,5.0,4600.0,215.0,"Entrou um 11 128 por 600,00 seminovo / 4220 em 12x",troca_aparelho,0.0,0.0,0.0,0.0,1.0,1,1.0,NAO,,novo,Marcela,a3626643-4749-4e56-83bc-b4a8ffd53659,ONLINE,4,
41,06/06/2026,2026-06-06,IPAD 11° (A16) 128GB AZUL NOVO,Apple,FP424P4PXH,,2471.0,130.0,2250.0,101.0,1100 pix / 1371 em 8x,cartao_credito + pix,1100.0,0.0,1371.0,0.0,0.0,,2471.0,NAO,,novo,Marcela,a3626643-4749-4e56-83bc-b4a8ffd53659,ONLINE,4,
42,06/06/2026,2026-06-06,IPHONE 14 PLUS 128GB LILAS NOVO,Apple,351906511449970,,3570.0,5.0,3450.0,115.0,PIX,pix,0.0,0.0,0.0,0.0,0.0,,0.0,SIM,nenhum pagamento extraido,novo,Renan,a50f1e24-aabb-41c1-b817-b4a4950bb1e4,BLOCO B,20,
43,06/06/2026,2026-06-06,IPHONE 13 256GB BRANCO SEMINOVO,Apple,353640981930528,,2325.0,25.0,1900.0,400.0,"R$ 1.300,00 PIX / R$ 1.089,85 CRÉDITO 3X",cartao_credito + pix,1300.0,0.0,1089.85,0.0,0.0,,2389.85,NAO,,novo,Ronald,97f12885-87ad-426a-8bbb-656889d82e10,CASES,19,
44,06/06/2026,2026-06-06,IPHONE 17 PRO 256GB SILVER NOVO,Apple,352574676009796,,7325.0,20.0,7000.0,305.0,"R$6.513,08 CRÉDITO 12X",cartao_credito,0.0,0.0,6513.08,0.0,0.0,,6513.08,NAO,,novo,Ronald,97f12885-87ad-426a-8bbb-656889d82e10,CASES,19,
45,06/06/2026,2026-06-06,IPHONE 13 128GB BRANCO SEMINOVO,Apple,350264528248328,,1910.0,10.0,1750.0,0.0,"TROCANDO IPHONE 12 128GB LILÁS (1.600,00) GARANTIA (03/03 venda Guilherme) + R$334,59 CRÉDITO 1X",troca_aparelho,0.0,0.0,0.0,0.0,2.0,1,2.0,NAO,,novo,Ronald,97f12885-87ad-426a-8bbb-656889d82e10,CASES,19,
46,06/06/2026,2026-06-06,REDMI 15C 256GB AZUL NOVO,Xiaomi,866509086604223,,880.0,0.0,840.0,0.0,"GARANTIA REALME C61 256GB 8RAM GOLD ( VENDIDO POR 810,00) PLACA MORREU + 72,80 CRÉDITO 1X",garantia,0,0,0,0,0,,0,SIM,garantia - revisar manualmente,novo,Ronald,97f12885-87ad-426a-8bbb-656889d82e10,CASES,19,
47,06/06/2026,2026-06-06,IPHONE 17 PRO 256GB BRANCO SEMINOVO,Apple,,,7065.0,10.0,6300.0,0.0,"PIX R$ 2.450,00 / PIX R$ 115,00 / ENTRADA IPH 15 128GB R$ 2.650,00 / ENTRADA IPH 14 LILAS 128GB R$ 1.850,00",pix + troca_aparelho,2565.0,0.0,0.0,0.0,5.0,1,2570.0,NAO,,novo,Higor Guedes,85e3aa42-b9af-49b8-a72a-64e9c337aa53,CELL,1,sem IMEI
48,06/06/2026,2026-06-06,IPHONE 13 256GB ROSA SEMINOVO,Apple,356815609092334,,2116.0,10.0,1900.0,206.0,"PIX R$ 1.100,00 / PIX R$ 1.016,00",pix,2116.0,0.0,0.0,0.0,0.0,,2116.0,NAO,,novo,Higor Guedes,85e3aa42-b9af-49b8-a72a-64e9c337aa53,CELL,1,
49,06/06/2026,2026-06-06,IPHONE 15 128GB AZUL SEMINOVO,Apple,351682570296095,,2910.0,25.0,2660.0,225.0,"1.700 pix / 860 dinheiro / entrando xr 64 GB PRETO A - 350,00",dinheiro + pix + troca_aparelho,1700.0,860.0,0.0,0.0,4.0,6,2564.0,NAO,,novo,Guilherme,25e2da5b-9e76-4388-9890-7e22efd6940d,BLOCO B,20,
50,07/06/2026,2026-06-07,IPHONE 14 PRO MAX 512GB ROXO SEMINOVO,Apple,356041402342004,,3800.0,15.0,3500.0,285.0,PIX,pix,0.0,0.0,0.0,0.0,0.0,,0.0,SIM,nenhum pagamento extraido,novo,Angel,97f12885-87ad-426a-8bbb-656889d82e10,BLOCO B,20,
51,07/06/2026,2026-06-07,IPHONE 13 256GB ROSA SEMINOVO,Apple,352615457839263,,2100.0,15.0,1900.0,185.0,PIX,pix,0.0,0.0,0.0,0.0,0.0,,0.0,SIM,nenhum pagamento extraido,novo,Angel,97f12885-87ad-426a-8bbb-656889d82e10,BLOCO B,20,
52,07/06/2026,2026-06-07,IPHONE 17 256GB BRANCO NOVO,Apple,353111887936779,,4705.0,10.0,4690.0,10.0,"35,00 pix / 4670,00 pix",pix,4705.0,0.0,0.0,0.0,0.0,,4705.0,NAO,,novo,Marcela,a3626643-4749-4e56-83bc-b4a8ffd53659,ONLINE,4,
53,07/06/2026,2026-06-07,APPLE WATCH ULTRA 3 49MM PRETO NOVO,Apple,353938647328032,,5750.0,15.0,4670.0,1065.0,"5750,0 em 1x",cartao_credito,0.0,0.0,5750.0,0.0,0.0,,5750.0,NAO,,novo,Marcela,a3626643-4749-4e56-83bc-b4a8ffd53659,ONLINE,4,
54,07/06/2026,2026-06-07,BOOMBOX 4 LARANJA NOVA/SEMINOVA,Outros,TL1973-BQ009163,,2500.0,0.0,2390.0,110.0,"1000,00 dinheiro / 1500,00 pix",dinheiro + pix,1500.0,1000.0,0.0,0.0,0.0,,2500.0,NAO,,seminovo,Marcela,a3626643-4749-4e56-83bc-b4a8ffd53659,ONLINE,4,
55,07/06/2026,2026-06-07,IPHONE 15 PRO MAX 256GB PRETO SEMINOVO,Apple,352832408625648,,4050.0,41.0,3700.0,309.0,"R$2.000,00 PIX/R$2.311,16 CRÉDITO 11X",cartao_credito + pix,2000.0,0.0,2311.16,0.0,0.0,,4311.16,NAO,,novo,Marcela,a3626643-4749-4e56-83bc-b4a8ffd53659,ONLINE,4,
56,07/06/2026,2026-06-07,IPHONE 17 256GB PRETO NOVO,Apple,358736464505640,,4750.0,0.0,4650.0,100.0,PIX,pix,0.0,0.0,0.0,0.0,0.0,,0.0,SIM,nenhum pagamento extraido,novo,Renan,a50f1e24-aabb-41c1-b817-b4a4950bb1e4,BLOCO B,20,
57,07/06/2026,2026-06-07,POCO X8 PRO MAX 512GB AZUL NOVO,Outros,74909/F6QV01625,,3100.0,0.0,2950.0,150.0,PIX,pix,0.0,0.0,0.0,0.0,0.0,,0.0,SIM,nenhum pagamento extraido,novo,Renan,a50f1e24-aabb-41c1-b817-b4a4950bb1e4,BLOCO B,20,
58,07/06/2026,2026-06-07,IPHONE 15 128GB AZUL SEMINOVO,Apple,35986788108129,,3973.0,15.0,3700.0,258.0,"2673,00 em 10,x/ entrou um 13 128 seminovo por 1300,00",pix? + troca_aparelho,2673.0,0.0,0.0,0.0,3.0,1,2676.0,NAO,,novo,Marcela,a3626643-4749-4e56-83bc-b4a8ffd53659,ONLINE,4,
59,07/06/2026,2026-06-07,IPHONE 12 64GB LILAS SEMINOVO,Apple,358187610315940,,1350.0,25.0,1150.0,175.0,"R$ 1.350,00 EM 5X",cartao_credito,0.0,0.0,1350.0,0.0,0.0,,1350.0,NAO,,novo,Marcela,a3626643-4749-4e56-83bc-b4a8ffd53659,ONLINE,4,
60,07/06/2026,2026-06-07,IPHONE 15 PRO MAX 256GB PRETO SEMINOVO,Apple,350496304995505,,4050.0,25.0,3700.0,325.0,"2950,00 em 10x/ entrou um 14 pro 128 seminovo por 1100,00",cartao_credito + troca_aparelho,0.0,0.0,2950.0,0.0,4.0,1,2954.0,NAO,,novo,Marcela,a3626643-4749-4e56-83bc-b4a8ffd53659,ONLINE,4,
61,07/06/2026,2026-06-07,IPHONE 14 PRO 128GB ROXO SEMINOVO,Apple,3501800048255,,1650.0,0.0,1100.0,550.0,PIX,pix,0.0,0.0,0.0,0.0,0.0,,0.0,SIM,nenhum pagamento extraido,novo,Marcela,a3626643-4749-4e56-83bc-b4a8ffd53659,ONLINE,4,
62,07/06/2026,2026-06-07,IPAD 11° (A16) 128GB SILVER NOVO,Apple,DHYGFK76Q2,,2453.35,100.0,2250.0,175.0,"35,35 pix /3118 em 10x (PAGAMENTO JUNTO APARELHO 1)",cartao_credito + pix,35.35,0.0,3118.0,0.0,0.0,,3153.35,NAO,,novo,Marcela,a3626643-4749-4e56-83bc-b4a8ffd53659,ONLINE,4,
63,07/06/2026,2026-06-07,IPHONE XR 64GB AZUL SEMINOVO,Apple,353060104205916,,700.0,25.0,500.0,175.0,PAGAMENTO JUNTO APARELHO 2,pagamento_junto_secundario,0,0,0,0,0,,0,SIM,pagamento junto - aparelho 2+,novo,Marcela,a3626643-4749-4e56-83bc-b4a8ffd53659,ONLINE,4,
64,07/06/2026,2026-06-07,IPHONE 13 PRO MAX 128GB SEMINOVO,Apple,353869220171228,,3047.0,10.0,2600.0,437.0,PIX,pix,0.0,0.0,0.0,0.0,0.0,,0.0,SIM,nenhum pagamento extraido,novo,Higor Guedes,85e3aa42-b9af-49b8-a72a-64e9c337aa53,CELL,1,
65,07/06/2026,2026-06-07,IPHONE 16 PRO MAX 256GB DESERT SEMINOVO,Apple,35568866635102,,5450.0,0.0,5000.0,450.0,PIX,pix,0.0,0.0,0.0,0.0,0.0,,0.0,SIM,nenhum pagamento extraido,novo,Higor Guedes,85e3aa42-b9af-49b8-a72a-64e9c337aa53,CELL,1,
66,07/06/2026,2026-06-07,IPHONE 14 PRO MAX 256GB ROXO SEMINOVO,Apple,357879437816990,,3350.0,0.0,3200.0,150.0,PIX,pix,0.0,0.0,0.0,0.0,0.0,,0.0,SIM,nenhum pagamento extraido,novo,Higor Guedes,85e3aa42-b9af-49b8-a72a-64e9c337aa53,CELL,1,
67,07/06/2026,2026-06-07,IPHONE 16E 128GB PRETO SEMINOVO,Apple,356243696858256,,2839.0,0.0,1800.0,1039.0,"PIX R$ 839,00 / PIX R$ 2.000,00",pix,2839.0,0.0,0.0,0.0,0.0,,2839.0,NAO,,novo,Higor Guedes,85e3aa42-b9af-49b8-a72a-64e9c337aa53,CELL,1,
68,07/06/2026,2026-06-07,IPHONE 17 256GB PRETO NOVO,Apple,355989444523158,,4605.0,0.0,4550.0,55.0,PIX,pix,0.0,0.0,0.0,0.0,0.0,,0.0,SIM,nenhum pagamento extraido,novo,Higor Guedes,85e3aa42-b9af-49b8-a72a-64e9c337aa53,CELL,1,
69,07/06/2026,2026-06-07,IPHONE 14 128GB AZUL SEMINOVO,Apple,358264142105709,,2150.0,0.0,1900.0,250.0,"PIX R$ 800,00 / PIX R$ 1.350,00",pix,2150.0,0.0,0.0,0.0,0.0,,2150.0,NAO,,novo,Higor Guedes,85e3aa42-b9af-49b8-a72a-64e9c337aa53,CELL,1,
70,07/06/2026,2026-06-07,NOTE 15 8GB 256GB PRETO NOVO,Redmi,865716081697042,,1330.0,0.0,1100.0,230.0,1.400 em 2x,cartao_credito,0.0,0.0,1400.0,0.0,0.0,,1400.0,NAO,,novo,Guilherme,25e2da5b-9e76-4388-9890-7e22efd6940d,BLOCO B,20,
71,08/06/2026,2026-06-08,IPHONE 11 64GB PRETO SEMINOVO - GARANTIA DO XR,Apple,356814118803398,,880.0,15.0,600.0,0.0,"Pagou 180 pix/ entrou um XR 64 azul por 700,00",pix + troca_aparelho,180.0,0.0,0.0,0.0,4.0,6,184.0,NAO,,novo,Marcela,a3626643-4749-4e56-83bc-b4a8ffd53659,,0,"loja sem mapeamento: """""
72,09/06/2026,2026-06-09,IPHONE 15 PRO 256GB NATURAL SEMINOVO,Apple,354300587089588,,3780.0,25.0,3000.0,755.0,PIX,pix,0.0,0.0,0.0,0.0,0.0,,0.0,SIM,nenhum pagamento extraido,novo,Marcela,a3626643-4749-4e56-83bc-b4a8ffd53659,,0,"loja sem mapeamento: """""
73,09/06/2026,2026-06-09,IPHONE 16E 128GB BRANCO SEMINOVO,Apple,352638936490615,,2600.0,25.0,2100.0,475.0,"R$500,00 no dinheiro + R$2100 no pix",dinheiro + pix,2100.0,500.0,0.0,0.0,0.0,,2600.0,NAO,,novo,Renan,a50f1e24-aabb-41c1-b817-b4a4950bb1e4,BLOCO B,20,
74,09/06/2026,2026-06-09,IPHONE 15 256GB PRETO SEMINOVO,Apple,359817430962252,,3050.0,30.0,2900.0,120.0,"R$1950 no pix + pegando um iphone 12 256 vermelho por R$1100,00",pix + troca_aparelho,1950.0,0.0,0.0,0.0,2.0,1,1952.0,NAO,,novo,Renan,a50f1e24-aabb-41c1-b817-b4a4950bb1e4,BLOCO B,20,
75,10/06/2026,2026-06-10,SAMSUNG A55 256GB AZUL SEMINOVO,Samsung,358543582779606,,1000.0,25.0,700.0,275.0,PIX,pix,0.0,0.0,0.0,0.0,0.0,,0.0,SIM,nenhum pagamento extraido,novo,Guilherme,25e2da5b-9e76-4388-9890-7e22efd6940d,BLOCO B,20,
76,10/06/2026,2026-06-10,IPHONE 15 PRO MAX 256GB PRETO SEMINOVO,Apple,252676520028144,,3950.0,68.0,3700.0,182.0,PIX,pix,0.0,0.0,0.0,0.0,0.0,,0.0,SIM,nenhum pagamento extraido,novo,Marcela,a3626643-4749-4e56-83bc-b4a8ffd53659,,0,"loja sem mapeamento: """""
77,10/06/2026,2026-06-10,IPAD 11° (A16) 128GB SILVER NOVO,Apple,L3CRQLVC2F,,2441.0,70.0,2250.0,121.0,"2441,00 em 10x",cartao_credito,0.0,0.0,2441.0,0.0,0.0,,2441.0,NAO,,novo,Marcela,a3626643-4749-4e56-83bc-b4a8ffd53659,,0,"loja sem mapeamento: """""
78,10/06/2026,2026-06-10,IPHONE 17 PRO MAX 256GB SILVER NOVO,Apple,351205745798025,,7831.0,5.0,7650.0,176.0,R$7431 no pix + R$400 em dinheiro,dinheiro + pix,7431.0,400.0,0.0,0.0,0.0,,7831.0,NAO,,novo,Renan,a50f1e24-aabb-41c1-b817-b4a4950bb1e4,BLOCO B,20,
79,10/06/2026,2026-06-10,IPHONE 17 PRO MAX 256G LARANJA NOVO,Apple,359372358546422,,7250.0,0.0,7150.0,100.0,R$7250 no pix,pix,7250.0,0.0,0.0,0.0,0.0,,7250.0,NAO,,novo,Renan,a50f1e24-aabb-41c1-b817-b4a4950bb1e4,BLOCO B,20,
80,10/06/2026,2026-06-10,IPHONE 16 PRO MAX 256GB PRETO SEMINOVO,Apple,354210975025310,,5350.0,25.0,4950.0,375.0,"PIX de R$ 1.500,00 / PIX de R$ 3.850,00",pix,5350.0,0.0,0.0,0.0,0.0,,5350.0,NAO,,novo,Renata,9451cd9f-6770-4e32-aae8-c75fa675e818,CELL,1,
81,10/06/2026,2026-06-10,IPHONE 15 PRO 256GB TITANIO NATURAL SEMINOVO,Apple,354324413603719,,3750.0,25.0,3250.0,475.0,"PIX de R$ 3.750,00",pix,3750.0,0.0,0.0,0.0,0.0,,3750.0,NAO,,novo,Renata,9451cd9f-6770-4e32-aae8-c75fa675e818,CELL,1,
82,10/06/2026,2026-06-10,NOTE 15 5G 256GB PRETO NOVO,Redmi,865292089717067,,1450.0,0.0,1380.0,70.0,PIX,pix,0.0,0.0,0.0,0.0,0.0,,0.0,SIM,nenhum pagamento extraido,novo,Ronald,97f12885-87ad-426a-8bbb-656889d82e10,CASES,19,
83,10/06/2026,2026-06-10,IPHONE 17 256GB BRANCO NOVO,Apple,356146774825724,,4800.0,0.0,4700.0,100.0,"R$ 2.140,00 PIX / ENTRADA IPHONE 15 128GB ROSA R$ 2.660,00",pix + troca_aparelho,2140.0,0.0,0.0,0.0,5.0,1,2145.0,NAO,,novo,Ronald,97f12885-87ad-426a-8bbb-656889d82e10,CASES,19,
84,10/06/2026,2026-06-10,IPHONE 11 64GB VERMELHO SEMINOVO,Apple,356572103379228,,750.0,25.0,600.0,125.0,PIX,pix,0.0,0.0,0.0,0.0,0.0,,0.0,SIM,nenhum pagamento extraido,novo,Ronald,97f12885-87ad-426a-8bbb-656889d82e10,CASES,19,
85,10/06/2026,2026-06-10,IPHONE 11 64GB PRETO SEMINOVO,Apple,35615721609444,,700.0,0.0,600.0,100.0,PIX,pix,0.0,0.0,0.0,0.0,0.0,,0.0,SIM,nenhum pagamento extraido,novo,Ronald,97f12885-87ad-426a-8bbb-656889d82e10,CASES,19,
86,10/06/2026,2026-06-10,IPHONE 13 PRO MAX 128GB VERDE SEMINOVO,Apple,355365665236921,,3012.0,25.0,2600.0,387.0,"DINHEIRO R$ 200,00 / DINHEIRO R$ 500,00 / PIX R$ 2.312,00",dinheiro + pix,2312.0,700.0,0.0,0.0,0.0,,3012.0,NAO,,novo,Higor Guedes,85e3aa42-b9af-49b8-a72a-64e9c337aa53,CELL,1,
87,11/06/2026,2026-06-11,IPHONE 13 128GB PRETO SEMINOVO,Apple,351084399943637,,1950.0,0.0,1750.0,200.0,PIX,pix,0.0,0.0,0.0,0.0,0.0,,0.0,SIM,nenhum pagamento extraido,novo,Higor Guedes,85e3aa42-b9af-49b8-a72a-64e9c337aa53,CELL,1,
88,11/06/2026,2026-06-11,IPHONE 14 PLUS 256GB BRANCO SEMINOVO,Apple,356752985194154,,2632.0,30.0,2300.0,302.0,"R$ 3.100,00 CRÉDITO 15X",cartao_credito,0.0,0.0,3100.0,0.0,0.0,,3100.0,NAO,,novo,Ronald,97f12885-87ad-426a-8bbb-656889d82e10,CASES,19,
89,11/06/2026,2026-06-11,IPHONE 14 PLUS 128GB LILAS SEMINOVO,Apple,356752983703204,,2650.0,25.0,2200.0,425.0,"R$ 1.851,86 em 10x / PIX R$ 500,00 / DINHEIRO R$ 500,00",cartao_credito + dinheiro + pix,500.0,500.0,1851.86,0.0,0.0,,2851.86,NAO,,novo,Guilherme,25e2da5b-9e76-4388-9890-7e22efd6940d,BLOCO B,20,
90,12/06/2026,2026-06-12,POCO X8 PRO 256GB BRANCO NOVO,Outros,866132086776923,,2180.0,0.0,2050.0,130.0,PIX,pix,0.0,0.0,0.0,0.0,0.0,,0.0,SIM,nenhum pagamento extraido,novo,Marcela,a3626643-4749-4e56-83bc-b4a8ffd53659,ONLINE,4,
91,12/06/2026,2026-06-12,IPHONE 14 128GB PRETO SEMINOVO,Apple,357769852580660,,2350.0,42.0,1900.0,408.0,PIX,pix,0.0,0.0,0.0,0.0,0.0,,0.0,SIM,nenhum pagamento extraido,novo,Renata,9451cd9f-6770-4e32-aae8-c75fa675e818,,0,"loja sem mapeamento: """""
92,12/06/2026,2026-06-12,IPHONE 17 PRO 256GB BRANCO NOVO,Apple,357679991655465,,7054.0,45.0,6750.0,259.0,"Pix 3000,00/ 4054 em 10x",cartao_credito + pix,3000.0,0.0,4054.0,0.0,0.0,,7054.0,NAO,,novo,Marcela,a3626643-4749-4e56-83bc-b4a8ffd53659,ONLINE,4,
93,12/06/2026,2026-06-12,REDMI NOTE 15 5G 256GB ROXO LACRADO,Xiaomi,865292089040460,,1513.0,0.0,1400.0,113.0,PIX,pix,0.0,0.0,0.0,0.0,0.0,,0.0,SIM,nenhum pagamento extraido,seminovo,Marcela,a3626643-4749-4e56-83bc-b4a8ffd53659,ONLINE,4,
94,12/06/2026,2026-06-12,IPHONE 14 256GB PRETO SEMINOVO,Apple,354155259200412,,2300.0,25.0,2000.0,275.0,PIX,pix,0.0,0.0,0.0,0.0,0.0,,0.0,SIM,nenhum pagamento extraido,novo,Ana Beatriz,,CASES,19,"vendedor sem ID: ""Ana Beatriz"""
95,12/06/2026,2026-06-12,APPLE WATCH SÉRIE 11 42MM ROSE GOLD NOVO,Apple,LTC2HXQJRW,,2480.0,0.0,2300.0,180.0,PIX,pix,0.0,0.0,0.0,0.0,0.0,,0.0,SIM,nenhum pagamento extraido,novo,Renan,a50f1e24-aabb-41c1-b817-b4a4950bb1e4,BLOCO B,20,
96,12/06/2026,2026-06-12,IPHONE 17 PRO 256GB LARANJA SEMINOVO,Apple,356661403706855,,7100.0,40.0,6300.0,760.0,"6.257,11 CREDITO 12X/ 1.000,00 PIX",cartao_credito + pix,1000.0,0.0,6257.11,0.0,0.0,,7257.11,NAO,,novo,Ronald,97f12885-87ad-426a-8bbb-656889d82e10,CASES,19,
97,12/06/2026,2026-06-12,IPHONE 13 PRO MAX 128GB AZUL SEMINOVO,Apple,355777918114145,,2775.0,25.0,2600.0,150.0,"R$ 3.150,00 CRÉDITO 10X",cartao_credito,0.0,0.0,3150.0,0.0,0.0,,3150.0,NAO,,novo,Ronald,97f12885-87ad-426a-8bbb-656889d82e10,CASES,19,
98,12/06/2026,2026-06-12,IPHONE 15 PRO MAX 256GB NATURAL SEMINOVO,Apple,354934250608587,,3950.0,25.0,3700.0,225.0,PIX,pix,0.0,0.0,0.0,0.0,0.0,,0.0,SIM,nenhum pagamento extraido,novo,Ronald,97f12885-87ad-426a-8bbb-656889d82e10,CASES,19,
99,12/06/2026,2026-06-12,SAMSUNG A07 128GB PRETO NOVO,Samsung,350272672458453,,710.0,0.0,570.0,140.0,"760,87 em 4x",cartao_credito,0.0,0.0,760.87,0.0,0.0,,760.87,NAO,,novo,Guilherme,25e2da5b-9e76-4388-9890-7e22efd6940d,BLOCO B,20,
100,12/06/2026,2026-06-12,SAMSUNG S10 FE 256GB GREY NOVO,Samsung,R5GL33TWGS,,2603.0,0.0,2449.0,154.0,"1800,00 em 10x / Pix : 1000,00",cartao_credito + pix,1000.0,0.0,1800.0,0.0,0.0,,2800.0,NAO,,novo,Guilherme,25e2da5b-9e76-4388-9890-7e22efd6940d,BLOCO B,20,
101,12/06/2026,2026-06-12,IPHONE 17 PRO MAX 256GB AZUL NOVO,Apple,359178372863168,,7750.0,0.0,7470.0,280.0,PIX,pix,0.0,0.0,0.0,0.0,0.0,,0.0,SIM,nenhum pagamento extraido,novo,Camila,1d12d555-68e9-45f8-bfc0-a35a1d8d7920,CELL,1,
102,12/06/2026,2026-06-12,IPHONE 12 VERMELHO 64GB SEMINOVO,Apple,35303611166370,,1320.0,0.0,1150.0,170.0,R$1320 no pix,pix,1320.0,0.0,0.0,0.0,0.0,,1320.0,NAO,,novo,Renan,a50f1e24-aabb-41c1-b817-b4a4950bb1e4,BLOCO B,20,
103,13/06/2026,2026-06-13,IPHONE 13 BRANCO 256GB SEMINOVO,Apple,358691732646082,,2200.0,25.0,1900.0,275.0,PIX,pix,0.0,0.0,0.0,0.0,0.0,,0.0,SIM,nenhum pagamento extraido,novo,Marcela,a3626643-4749-4e56-83bc-b4a8ffd53659,ONLINE,4,
104,13/06/2026,2026-06-13,IPHONE 15 PRO MAX 256GB PRETO SEMINOVO,Apple,357275791173971,,4000.0,0.0,3700.0,300.0,PIX,pix,0.0,0.0,0.0,0.0,0.0,,0.0,SIM,nenhum pagamento extraido,novo,Renan,a50f1e24-aabb-41c1-b817-b4a4950bb1e4,BLOCO B,20,
105,13/06/2026,2026-06-13,IPHONE 16 PRO 128GB DESERT SEMINOVO,Apple,351895491457790,,4500.0,0.0,4140.0,360.0,"R$ 2.200,00 DINHEIRO / ENTRADA IPHONE 13 PRO MAX 128GB AZUL SEMINOVO R$ 2.300,00",dinheiro + troca_aparelho,0.0,2200.0,0.0,0.0,3.0,1,2203.0,NAO,,novo,Ronald,97f12885-87ad-426a-8bbb-656889d82e10,CASES,19,
106,13/06/2026,2026-06-13,IPHONE 16 PRO MAX 256GB PRETO SEMINOVO,Apple,356744602694336,,5400.0,0.0,4950.0,450.0,"R$ 2.300 no pix + 199,00 no pix + pegando um iPhone 15 256 preto",pix + troca_aparelho,2499.0,0.0,0.0,0.0,5.0,1,2504.0,NAO,,novo,Angel,97f12885-87ad-426a-8bbb-656889d82e10,BLOCO B,20,
107,13/06/2026,2026-06-13,IPHONE 14 128GB PRETO SEMINOVO,Apple,351253189953664,,2091.0,25.0,1900.0,166.0,"PIX R$ 211,00 / PIX R$ 1.680,00 / DINHEIRO R$ 200,00",dinheiro + pix,1891.0,200.0,0.0,0.0,0.0,,2091.0,NAO,,novo,Ruyter,85743f3e-1b32-49c0-9d9e-c16afd690f7d,CASES,19,
108,13/06/2026,2026-06-13,IPHONE 13 PRO MAX 128GB PRETO SEMINOVO,Apple,351016090159006,,2780.0,15.0,2600.0,165.0,"PIX R$ 2.700,00 / PIX R$ 80,00",pix,2780.0,0.0,0.0,0.0,0.0,,2780.0,NAO,,novo,Higor Guedes,85e3aa42-b9af-49b8-a72a-64e9c337aa53,CELL,1,
109,13/06/2026,2026-06-13,IPHONE 17 PRO MAX 256GB AZUL NOVO,Apple,,,8192.0,15.0,7670.0,507.0,"PIX R$ 3.742,00 / ENTRADA IPH 16 PRO 256GB DESERT R$ 4.450,00",pix + troca_aparelho,3742.0,0.0,0.0,0.0,6.0,1,3748.0,NAO,,novo,Higor Guedes,85e3aa42-b9af-49b8-a72a-64e9c337aa53,CELL,1,sem IMEI
110,14/06/2026,2026-06-14,IPHONE 17 PRO MAX 256GB AZUL NOVO,Apple,358434709486764,,9500.0,0.0,8800.0,700.0,"R$4.778,16 CRÉDITO 12X / ENTRADA IPH 14 PRO MAX ROXO 256GB R$ 3.000,00 / IPH 13 PRO 256GB R$ 2.300,00",cartao_credito + troca_aparelho,0.0,0.0,4778.16,0.0,4.0,1,4782.16,NAO,,novo,Ronald,97f12885-87ad-426a-8bbb-656889d82e10,CASES,19,
111,14/06/2026,2026-06-14,IPHONE 13 128GB PRETO SEMINOVO,Apple,356052832405030,,1930.0,10.0,1750.0,170.0,PIX,pix,0.0,0.0,0.0,0.0,0.0,,0.0,SIM,nenhum pagamento extraido,novo,Higor Guedes,85e3aa42-b9af-49b8-a72a-64e9c337aa53,CELL,1,
112,14/06/2026,2026-06-14,IPHONE 17 PRO 256GB BRANCO NOVO,Apple,353407733508683,,7424.0,10.0,6800.0,614.0,"PIX R$ 5.524,00 / ENTRADA IPHONE 14 128GB 1.900,00",pix + troca_aparelho,5524.0,0.0,0.0,0.0,4.0,1,5528.0,NAO,,novo,Higor Guedes,85e3aa42-b9af-49b8-a72a-64e9c337aa53,CELL,1,
113,14/06/2026,2026-06-14,IPHONE 17 PRO MAX 512GB AZUL NOVO,Apple,,,9592.0,25.0,8800.0,767.0,"PIX 7.592,00 / ENTRADA IPH 16 PRO MAX DESERT 512GB 2.000,00",pix + troca_aparelho,7592.0,0.0,0.0,0.0,6.0,1,7598.0,NAO,,novo,Higor Guedes,85e3aa42-b9af-49b8-a72a-64e9c337aa53,CELL,1,sem IMEI
114,14/06/2026,2026-06-14,IPHONE 13 PRO MAX 128GB AZUL SEMINOVO,Apple,353967814106970,,2830.0,25.0,2600.0,205.0,PIX,pix,0.0,0.0,0.0,0.0,0.0,,0.0,SIM,nenhum pagamento extraido,novo,Higor Guedes,85e3aa42-b9af-49b8-a72a-64e9c337aa53,CELL,1,
115,16/06/2026,2026-06-16,IPHONE 17E 256GB BRANCO NOVO,Apple,358835897106321,,3900.0,0.0,3550.0,350.0,"R$15.600,00 no pix - PAGAMENTO JUNTO APARELHO 1/4",pix,15600.0,0.0,0.0,0.0,0.0,,15600.0,NAO,,novo,Renan,a50f1e24-aabb-41c1-b817-b4a4950bb1e4,BLOCO B,20,
116,16/06/2026,2026-06-16,IPHONE 17E 256GB BRANCO NOVO,Apple,351101756151594,,3900.0,0.0,3550.0,350.0,PAGAMENTO JUNTO APARELHO 2/4,pagamento_junto_secundario,0,0,0,0,0,,0,SIM,pagamento junto - aparelho 2+,novo,Renan,a50f1e24-aabb-41c1-b817-b4a4950bb1e4,BLOCO B,20,
117,16/06/2026,2026-06-16,IPHONE 17E 256GB BRANCO NOVO,Apple,357457926697914,,3900.0,0.0,3550.0,350.0,PAGAMENTO JUNTO APARELHO 3/4,pagamento_junto_secundario,0,0,0,0,0,,0,SIM,pagamento junto - aparelho 2+,novo,Renan,a50f1e24-aabb-41c1-b817-b4a4950bb1e4,BLOCO B,20,
118,16/06/2026,2026-06-16,IPHONE 17E 256GB PRETO NOVO,Apple,358835898948200,,3900.0,0.0,3600.0,300.0,PAGAMENTO JUNTO APARELHO 4/4,pagamento_junto_secundario,0,0,0,0,0,,0,SIM,pagamento junto - aparelho 2+,novo,Renan,a50f1e24-aabb-41c1-b817-b4a4950bb1e4,BLOCO B,20,
119,16/06/2026,2026-06-16,IPHONE 17 PRO MAX 256GB AZUL NOVO,Apple,357247251305757,,7600.0,0.0,7450.0,150.0,"R$2650,00 no pix + pegando um 16 pro max desert 256gb por R$4950,00",pix + troca_aparelho,2650.0,0.0,0.0,0.0,6.0,1,2656.0,NAO,,novo,Renan,a50f1e24-aabb-41c1-b817-b4a4950bb1e4,BLOCO B,20,
120,16/06/2026,2026-06-16,IPHONE 15 PRO MAX 256GB AZUL SEMINOVO,Apple,,,4075.0,0.0,3950.0,125.0,"PIX 4040,00 / DINHEIRO 35,00",dinheiro + pix,4040.0,35.0,0.0,0.0,0.0,,4075.0,NAO,,novo,Higor Guedes,85e3aa42-b9af-49b8-a72a-64e9c337aa53,CELL,1,sem IMEI
121,17/06/2026,2026-06-17,POCO X8 PRO MAX 512GB PRETO LACRADO,Outros,860534086155261,,3150.0,5.0,3000.0,145.0,PIX,pix,0.0,0.0,0.0,0.0,0.0,,0.0,SIM,nenhum pagamento extraido,seminovo,Camila,1d12d555-68e9-45f8-bfc0-a35a1d8d7920,CELL,1,
122,17/06/2026,2026-06-17,POCO PAD M1 256GB GRAY NOVO,Outros,71114/Y6PS00360,,2050.0,155.0,1520.0,375.0,PIX,pix,0.0,0.0,0.0,0.0,0.0,,0.0,SIM,nenhum pagamento extraido,novo,Marcela,a3626643-4749-4e56-83bc-b4a8ffd53659,ONLINE,4,
123,17/06/2026,2026-06-17,IPHONE 17 PRO MAX 256GB SILVER SEMINOVO,Apple,35.524665.496195-2,,7150.0,25.0,6600.0,525.0,"PIX de R$ 2.200,00 / IPHONE 16 PRO MAX 256GB de entrada no valor de R$ 4.950,00",pix + troca_aparelho,2200.0,0.0,0.0,0.0,4950.0,,7150.0,NAO,,novo,Renata,9451cd9f-6770-4e32-aae8-c75fa675e818,,0,"loja sem mapeamento: """""
124,17/06/2026,2026-06-17,LARK HOLLYLAND M2 NOVO,Outros,C6HX222JWYG,,893.0,0.0,700.0,193.0,Crédito 3x,cartao_credito,0.0,0.0,3.0,0.0,0.0,,3.0,NAO,,novo,Marcela,a3626643-4749-4e56-83bc-b4a8ffd53659,ONLINE,4,
125,17/06/2026,2026-06-17,IPHONE 14 PRO MAX 256GB ROXO SEMINOVO,Apple,350270052493330,,3562.0,45.0,3200.0,317.0,"1.847,83 em 5x / Entrando 14 plus 128 Gb vermelho a 1850,00",cartao_credito + troca_aparelho,0.0,0.0,1847.83,0.0,4.0,1,1851.83,NAO,,novo,Guilherme,25e2da5b-9e76-4388-9890-7e22efd6940d,BLOCO B,20,
126,17/06/2026,2026-06-17,IPHONE 14 PLUS 256GB BRANCO SEMINOVO,Apple,359893876795381,,2400.0,0.0,2300.0,100.0,PIX,pix,0.0,0.0,0.0,0.0,0.0,,0.0,SIM,nenhum pagamento extraido,novo,Guilherme,25e2da5b-9e76-4388-9890-7e22efd6940d,BLOCO B,20,
127,17/06/2026,2026-06-17,IPHONE 15 128GB PRETO SEMINOVO,Apple,,,2900.0,25.0,2660.0,215.0,"PIX R$ 1.900,00 / ENTRADA IPH 13 PRO MAX R$ 1.000,00",pix + troca_aparelho,1900.0,0.0,0.0,0.0,3.0,1,1903.0,NAO,,novo,Higor Guedes,85e3aa42-b9af-49b8-a72a-64e9c337aa53,CELL,1,sem IMEI
128,17/06/2026,2026-06-17,IPHONE 17 PRO MAX 256GB BRANCO NOVO,Apple,359652120714477,,8080.0,25.0,7400.0,655.0,"PIX R$ 200,00 / PIX R$ 130,00 / PIX R$ 3.600,00 / ENTRADA IPH 16 PRO MAX R$ 4.100,00",pix + troca_aparelho,3930.0,0.0,0.0,0.0,6.0,1,3936.0,NAO,,novo,Higor Guedes,85e3aa42-b9af-49b8-a72a-64e9c337aa53,CELL,1,
129,17/06/2026,2026-06-17,IPHONE 17 PRO 256GB SILVER NOVO,Apple,352574675156523,,7250.0,50.0,6650.0,550.0,"R$5.850,42 CREDITO 18X",cartao_credito,0.0,0.0,5850.42,0.0,0.0,,5850.42,NAO,,novo,Ronald,97f12885-87ad-426a-8bbb-656889d82e10,CASES,19,
130,17/06/2026,2026-06-17,SAMSUNG A56 256GB CINZA NOVO,Samsung,354403794418663,,2250.0,0.0,2200.0,50.0,"R$ 2.250,00 PIX",pix,2250.0,0.0,0.0,0.0,0.0,,2250.0,NAO,,novo,Ronald,97f12885-87ad-426a-8bbb-656889d82e10,CASES,19,
131,18/06/2026,2026-06-18,IPHONE 16 128GB AZUL NOVO,Apple,354977708767778,,4050.0,10.0,3900.0,140.0,PIX,pix,0.0,0.0,0.0,0.0,0.0,,0.0,SIM,nenhum pagamento extraido,novo,Renan,a50f1e24-aabb-41c1-b817-b4a4950bb1e4,BLOCO B,20,
132,18/06/2026,2026-06-18,IPAD 11 A16 WIFI 128GB SILVER NOVO,Apple,D210DTQ9XH,,2503.0,0.0,2200.0,303.0,PIX,pix,0.0,0.0,0.0,0.0,0.0,,0.0,SIM,nenhum pagamento extraido,novo,Renata,9451cd9f-6770-4e32-aae8-c75fa675e818,,0,"loja sem mapeamento: """""
133,19/06/2026,2026-06-19,IPHONE 16 PRO 256GB PRETO SEMINOVO,Apple,352703945001967,,4700.0,25.0,4400.0,275.0,CREDITO 18X,cartao_credito,0.0,0.0,18.0,0.0,0.0,,18.0,NAO,,novo,Marcela,a3626643-4749-4e56-83bc-b4a8ffd53659,ONLINE,4,
134,19/06/2026,2026-06-19,IPHONE 14 128GB BRANCO SEMINOVO,Apple,352236852663529,,2100.0,25.0,1900.0,175.0,DINHEIRO,dinheiro,0.0,0.0,0.0,0.0,0.0,,0.0,SIM,nenhum pagamento extraido,novo,Marcela,a3626643-4749-4e56-83bc-b4a8ffd53659,BALCAO,1,
135,19/06/2026,2026-06-19,XIAOMI 15T 512GB PRETO NOVO,Outros,866839081675401,,3750.0,20.0,3600.0,130.0,PIX,pix,0.0,0.0,0.0,0.0,0.0,,0.0,SIM,nenhum pagamento extraido,novo,Ronald,97f12885-87ad-426a-8bbb-656889d82e10,CASES,19,
136,19/06/2026,2026-06-19,NOTE 15 PRO PLUS 512GB NOVO,Redmi,864509082904843,,2480.0,0.0,2400.0,80.0,PIX,pix,0.0,0.0,0.0,0.0,0.0,,0.0,SIM,nenhum pagamento extraido,novo,Ronald,97f12885-87ad-426a-8bbb-656889d82e10,CASES,19,
137,19/06/2026,2026-06-19,IPHONE 17 256GB VERDE NOVO,Apple,355989444640671,,5380.0,130.0,4900.0,350.0,"R$ 4.150,00 PIX/ R$ 30,00 PIX / ENTRADA IPH 12 256GB PRETO R$ 1.200,00",pix + troca_aparelho,4180.0,0.0,0.0,0.0,2.0,1,4182.0,NAO,,novo,Ronald,97f12885-87ad-426a-8bbb-656889d82e10,CASES,19,
138,19/06/2026,2026-06-19,IPHONE 17 256GB BRANCO NOVO,Apple,355989445638435,,5386.0,10.0,4950.0,426.0,"PIX R$ 1.100,00 / ENTRADA IPH 14 PRO ROXO R$ 2.200,00 / PIX R$ 2.086,00",pix + troca_aparelho,1100.0,0.0,0.0,0.0,4.0,1,1104.0,NAO,,novo,Raissa,0dd2c938-c6dd-4f5d-aac5-ed045ee5d2fb,CELL,1,
139,19/06/2026,2026-06-19,IPHONE 16 PRO 128GB NATURAL SEMINOVO,Apple,356102153998111,,4200.0,0.0,4050.0,150.0,PIX,pix,0.0,0.0,0.0,0.0,0.0,,0.0,SIM,nenhum pagamento extraido,novo,Ruyter,85743f3e-1b32-49c0-9d9e-c16afd690f7d,CASES,19,
140,19/06/2026,2026-06-19,IPHONE 14 PRO MAX 128GB SEMINOVO,Apple,356041406297774,,3200.0,0.0,3075.0,125.0,PIX,pix,0.0,0.0,0.0,0.0,0.0,,0.0,SIM,nenhum pagamento extraido,novo,Camila,1d12d555-68e9-45f8-bfc0-a35a1d8d7920,CELL,1,
141,19/06/2026,2026-06-19,IPHONE 11 64GB PRETO SEMINOVO,Apple,35117477721195,,730.0,0.0,600.0,130.0,PIX,pix,0.0,0.0,0.0,0.0,0.0,,0.0,SIM,nenhum pagamento extraido,novo,Higor Guedes,85e3aa42-b9af-49b8-a72a-64e9c337aa53,CELL,1,
142,19/06/2026,2026-06-19,IPHONE 17 PRO MAX 256GB BRANCO SEMINOVO,Apple,350247152428044,,6850.0,10.0,6600.0,240.0,"PIX R$ 2.750,00 / ENTRADA IPH 15 PRO MAX R$ 4.100,00",pix + troca_aparelho,2750.0,0.0,0.0,0.0,5.0,1,2755.0,NAO,,novo,Higor Guedes,85e3aa42-b9af-49b8-a72a-64e9c337aa53,CELL,1,
143,19/06/2026,2026-06-19,IPHONE 15 PRO MAX 256GB PRETO SEMINOVO,Apple,351503402247645,,4000.0,10.0,3800.0,190.0,"PIX R$ 2.900,00 / PIX R$ 1.700,00 / ENTRADA IPHONE 12 R$ 1.000,00 / ENTRADA S24 ULTRA R$ 3.500,00 (PAGAMENTO JUNTO - APARELHO 1)",pix + troca_aparelho,4600.0,0.0,0.0,0.0,2.0,1,4602.0,NAO,,novo,Higor Guedes,85e3aa42-b9af-49b8-a72a-64e9c337aa53,CELL,1,
144,19/06/2026,2026-06-19,IPHONE 16 PRO MAX NATURAL SEMINOVO,Apple,3563088688131377,,5100.0,15.0,4800.0,285.0,PAGAMENTO JUNTO - APARELHO 2,pagamento_junto_secundario,0,0,0,0,0,,0,SIM,pagamento junto - aparelho 2+,novo,Higor Guedes,85e3aa42-b9af-49b8-a72a-64e9c337aa53,CELL,1,
145,20/06/2026,2026-06-20,IPHONE 16 PRO MAX 1TB BRANCO SEMINOVO,Apple,356308860291019,,5920.0,45.0,5200.0,675.0,PIX,pix,0.0,0.0,0.0,0.0,0.0,,0.0,SIM,nenhum pagamento extraido,novo,Camila,1d12d555-68e9-45f8-bfc0-a35a1d8d7920,CELL,1,
146,20/06/2026,2026-06-20,IPHONE 15 PRO MAX 256GB BRANCO SEMINOVO,Apple,355496932694525,,4000.0,15.0,3800.0,185.0,PIX,pix,0.0,0.0,0.0,0.0,0.0,,0.0,SIM,nenhum pagamento extraido,novo,Marcela,a3626643-4749-4e56-83bc-b4a8ffd53659,ONLINE,4,
147,20/06/2026,2026-06-20,IPHONE 17 PRO MAX 256GB AZUL NOVO,Apple,355101479323146,,7300.0,5.0,7000.0,295.0,"100,00 dinheiro / 2400,00 pix / entrou um 16 pro Max 4800,00",dinheiro + pix + troca_aparelho,2400.0,100.0,0.0,0.0,6.0,1,2506.0,NAO,,novo,Marcela,a3626643-4749-4e56-83bc-b4a8ffd53659,ONLINE,4,
148,20/06/2026,2026-06-20,IPAD 11 A16 128GB AZUL NOVO,Apple,FH20FMGHR2,,2373.0,0.0,2230.0,143.0,"2373,00 em 12",pix?,2373.0,0.0,0.0,0.0,0.0,,2373.0,NAO,,novo,Marcela,a3626643-4749-4e56-83bc-b4a8ffd53659,ONLINE,4,
149,20/06/2026,2026-06-20,IPHONE 15 PRO MAX 256GB AZUL SEMINOVO,Apple,358071245002083,,4178.0,60.0,3800.0,318.0,"4178,00 em 10x",cartao_credito,0.0,0.0,4178.0,0.0,0.0,,4178.0,NAO,,novo,Marcela,a3626643-4749-4e56-83bc-b4a8ffd53659,ONLINE,4,
150,20/06/2026,2026-06-20,IPAD 11 128GB AZUL NOVO,Apple,CH07LGKN17,,2596.0,130.0,2230.0,236.0,"1100,00 pix / 1496,00 em 10x",cartao_credito + pix,1100.0,0.0,1496.0,0.0,0.0,,2596.0,NAO,,novo,Marcela,a3626643-4749-4e56-83bc-b4a8ffd53659,ONLINE,4,
151,20/06/2026,2026-06-20,SAMSUNG S24 ULTRA 256GB PRETO SEMINOVO,Samsung,351339860509485,,3875.0,10.0,3500.0,365.0,"PIX R$ 2.730,00 / PIX R$ 1.000,00 /R$ 150,00 CREDITO",cartao_credito + pix,3730.0,0.0,150.0,0.0,0.0,,3880.0,NAO,,novo,Ronald,97f12885-87ad-426a-8bbb-656889d82e10,CASES,19,
152,20/06/2026,2026-06-20,IPHONE 15 128GB PRETO SEMINOVO,Apple,356758346462891,,2890.0,10.0,2650.0,215.0,"R$ 3.288,00 CREDITO 12X",cartao_credito,0.0,0.0,3288.0,0.0,0.0,,3288.0,NAO,,novo,Ronald,97f12885-87ad-426a-8bbb-656889d82e10,CASES,19,
153,20/06/2026,2026-06-20,IPHONE 16 PRO MAX 256GB DESERT SEMINOVO,Apple,35762631919678,,5000.0,25.0,4800.0,175.0,"R$ 2.500,00 PIX",pix,2500.0,0.0,0.0,0.0,0.0,,2500.0,NAO,,novo,Ronald,97f12885-87ad-426a-8bbb-656889d82e10,CASES,19,
154,20/06/2026,2026-06-20,IPHONE 17 PRO MAX 256GB SILVER NOVO,Apple,350230977615276,,7600.0,55.0,7250.0,295.0,"$ 5.435,00 EM 6X / ENTRADA IPH 13 PRO MAX R$ 2.600,00",cartao_credito + troca_aparelho,0.0,0.0,5435.0,0.0,3.0,1,5438.0,NAO,,novo,Ana Beatriz,,CASES,19,"vendedor sem ID: ""Ana Beatriz"""
155,20/06/2026,2026-06-20,IPHONE 16 PRO MAX 512GB SEMINOVO - GARANTIA APARELHO 26.02,Apple,356864562003003,,6450.0,25.0,5920.0,505.0,"R$ 4.282,28 18x / ENTRADA IPHONE 15 512GB a 2.900,00",cartao_credito + troca_aparelho,0.0,0.0,4282.28,0.0,5.0,1,4287.28,NAO,,novo,Guilherme,25e2da5b-9e76-4388-9890-7e22efd6940d,BLOCO B,20,
156,20/06/2026,2026-06-20,IPHONE 16 PRO MAX 256GB DESERT SEMINOVO,Apple,359518870896865,,5100.0,40.0,4800.0,260.0,"PIX R$ 4.700,00 / ENTRADA IPH XR R$ 400,00",pix,4700.0,0.0,0.0,0.0,0.0,4,4700.0,NAO,,novo,Raissa,0dd2c938-c6dd-4f5d-aac5-ed045ee5d2fb,CELL,1,
157,20/06/2026,2026-06-20,IPHONE 14 LILAS 128GB SEMINOVO,Apple,355794422126853,,2100.0,15.0,1900.0,185.0,PIX,pix,0.0,0.0,0.0,0.0,0.0,,0.0,SIM,nenhum pagamento extraido,novo,Higor Guedes,85e3aa42-b9af-49b8-a72a-64e9c337aa53,CELL,1,
158,20/06/2026,2026-06-20,IPHONE 12 128GB PRETO SEMINOVO,Apple,353490929449011,,1280.0,10.0,1160.0,110.0,"PIX R$ 1.000,00/ DINHEIRO R$ 280,00",dinheiro + pix,1000.0,280.0,0.0,0.0,0.0,,1280.0,NAO,,novo,Higor Guedes,85e3aa42-b9af-49b8-a72a-64e9c337aa53,CELL,1,
159,20/06/2026,2026-06-20,MACBOOK NEO 256GB AZUL NOVO,Apple,,,4527.0,0.0,4350.0,177.0,PIX,pix,0.0,0.0,0.0,0.0,0.0,,0.0,SIM,nenhum pagamento extraido,novo,Higor Guedes,85e3aa42-b9af-49b8-a72a-64e9c337aa53,CELL,1,sem IMEI
160,20/06/2026,2026-06-20,IPHONE 17 PRO 256GB BRANCO NOVO,Apple,,,7176.0,15.0,6750.0,411.0,"PIX R$ 4.526,00 / ENTRADA IPH 14 PRO 128GB R$ 2.650,00",pix + troca_aparelho,4526.0,0.0,0.0,0.0,4.0,1,4530.0,NAO,,novo,Higor Guedes,85e3aa42-b9af-49b8-a72a-64e9c337aa53,CELL,1,sem IMEI
161,20/06/2026,2026-06-20,IPHONE 17 PRO MAX 256GB BRANCO SEMINOVO,Apple,358640380782129,,7350.0,25.0,6600.0,725.0,"PIX R$ 6.150,00 / ENTRADA IPH 12 PRO MAX 128GB R$ 1.200,00",pix + troca_aparelho,6150.0,0.0,0.0,0.0,2.0,1,6152.0,NAO,,novo,Higor Guedes,85e3aa42-b9af-49b8-a72a-64e9c337aa53,CELL,1,
162,20/06/2026,2026-06-20,IPHONE 14 PRO MAX 256GB ROXO SEMINOVO,Apple,359761973185063,,3562.0,25.0,3150.0,387.0,GARANTIA,garantia,0,0,0,0,0,,0,SIM,garantia - revisar manualmente,novo,Guilherme,25e2da5b-9e76-4388-9890-7e22efd6940d,BLOCO B,20,
163,21/06/2026,2026-06-21,IPHONE 15 128GB ROSA SEMINOVO - GARANTIA APARELHO 15.05,Apple,358684525276241,,2970.0,15.0,2650.0,0.0,"Entrou 13 pro Max seminovo por 2550,00 e pagou 420 em 3x (Celular está piscando a tela)",troca_aparelho,0.0,0.0,0.0,0.0,3.0,1,3.0,NAO,,novo,Marcela,a3626643-4749-4e56-83bc-b4a8ffd53659,,0,"loja sem mapeamento: """""
164,21/06/2026,2026-06-21,IPHONE 17 PRO MAX 256GB LARANJA NOVO,Apple,357247257803680,,7420.0,60.0,6900.0,460.0,PIX,pix,0.0,0.0,0.0,0.0,0.0,,0.0,SIM,nenhum pagamento extraido,novo,Marcela,a3626643-4749-4e56-83bc-b4a8ffd53659,ONLINE,4,
165,21/06/2026,2026-06-21,IPHONE 15 PRO MAX 256GB AZUL SEMINOVO,Apple,356964462417806,,4170.0,25.0,3800.0,345.0,"4170,00 em 12x",cartao_credito,0.0,0.0,4170.0,0.0,0.0,,4170.0,NAO,,novo,Marcela,a3626643-4749-4e56-83bc-b4a8ffd53659,ONLINE,4,
166,21/06/2026,2026-06-21,IPHONE 15 PRO MAX 256GB BRANCO SEMINOVO,Apple,356964461952969,,4000.0,35.0,3600.0,365.0,"PIX: R$ 4.000,00",pix,4000.0,0.0,0.0,0.0,0.0,,4000.0,NAO,,novo,Ana Beatriz,,CASES,19,"vendedor sem ID: ""Ana Beatriz"""
167,21/06/2026,2026-06-21,IPHONE 17 PRO MAX 256GB NOVO AZUL,Apple,357247257649059,,7350.0,5.0,7000.0,345.0,"3.350,00 pix + 1.500,00 pix + R$500,00 Dinheiro, entrando um iPhone 12 Pro Max 256GB R$2.000,00",dinheiro + pix + troca_aparelho,4850.0,500.0,0.0,0.0,2.0,1,5352.0,NAO,,novo,Angel,97f12885-87ad-426a-8bbb-656889d82e10,BLOCO B,20,
168,21/06/2026,2026-06-21,IPHONE 12 128GB PRETO SEMINOVO,Apple,353361737646116,,1455.0,23.0,1160.0,272.0,"1455,00 em 7x",cartao_credito,0.0,0.0,1455.0,0.0,0.0,,1455.0,NAO,,novo,Marcela,a3626643-4749-4e56-83bc-b4a8ffd53659,ONLINE,4,
169,21/06/2026,2026-06-21,IPHONE 15 PLUS 128GB PRETO NOVO,Apple,357977669432302,,4500.0,15.0,4300.0,185.0,PIX,pix,0.0,0.0,0.0,0.0,0.0,,0.0,SIM,nenhum pagamento extraido,novo,Marcela,a3626643-4749-4e56-83bc-b4a8ffd53659,ONLINE,4,
170,21/06/2026,2026-06-21,IPHONE 17 PRO 256GB BRANCO NOVO,Apple,352574675400509,,6950.0,5.0,6750.0,195.0,"1000,00 dinheiro/300,00 pix / 5650,00 crédito 10x",cartao_credito + dinheiro + pix,300.0,1000.0,5650.0,0.0,0.0,,6950.0,NAO,,novo,Marcela,a3626643-4749-4e56-83bc-b4a8ffd53659,ONLINE,4,
171,21/06/2026,2026-06-21,IPHONE 17 PRO MAX 256GB BRANCO NOVO,Apple,357920795494028,,7400.0,5.0,7250.0,145.0,"2600,0 pix/ entrou um 16 pro Max seminovo por 4800,00",pix + troca_aparelho,2600.0,0.0,0.0,0.0,6.0,1,2606.0,NAO,,novo,Marcela,a3626643-4749-4e56-83bc-b4a8ffd53659,ONLINE,4,
172,21/06/2026,2026-06-21,IPHONE 17 PRO MAX 256GB LARANJA NOVO,Apple,359178371574212,,7300.0,20.0,6900.0,380.0,"1000,00 pix/ 190,00 pix /pagou 2600,00 em 12x / entrou um 15 pro Max seminovo por 3700,00 - PAGAMENTO JUNTO APARELHO 1",cartao_credito + pix + troca_aparelho,1190.0,0.0,2600.0,0.0,5.0,1,3795.0,NAO,,novo,Marcela,a3626643-4749-4e56-83bc-b4a8ffd53659,ONLINE,4,
173,21/06/2026,2026-06-21,FONTE ORIGINAL APPLE BRANCO NOVO,Outros,C4H61040G83Q8YQA3,,190.0,0.0,125.0,65.0,PAGAMENTO JUNTO APARELHO 2,pagamento_junto_secundario,0,0,0,0,0,,0,SIM,pagamento junto - aparelho 2+,novo,Marcela,a3626643-4749-4e56-83bc-b4a8ffd53659,ONLINE,4,
174,21/06/2026,2026-06-21,IPHONE 17 PRO MAX 256GB LARANJA NOVO,Apple,359178371686834,,7360.0,70.0,6900.0,390.0,PIX,pix,0.0,0.0,0.0,0.0,0.0,,0.0,SIM,nenhum pagamento extraido,novo,Marcela,a3626643-4749-4e56-83bc-b4a8ffd53659,ONLINE,4,
175,21/06/2026,2026-06-21,IPHONE 13 PRO MAX 128GB AZUL SEMINOVO,Apple,358074296851614,,3115.0,50.0,2550.0,236.0,3000 8x / 35 PIX / 80 PIX,cartao_credito + pix,115.0,0.0,3000.0,0.0,0.0,,3115.0,NAO,,novo,Raissa,0dd2c938-c6dd-4f5d-aac5-ed045ee5d2fb,CELL,1,
176,21/06/2026,2026-06-21,IPHONE 14 PRO MAX 128GB BRANCO SEMINOVO,Apple,353360940717383,,3660.0,40.0,3075.0,205.0,3660 8x,cartao_credito,0.0,0.0,3660.0,0.0,0.0,,3660.0,NAO,,novo,Raissa,0dd2c938-c6dd-4f5d-aac5-ed045ee5d2fb,CELL,1,
177,21/06/2026,2026-06-21,IPHONE 13 PRO MAX 512GB AZUL SEMINOVO,Apple,359330188973216,,3250.0,25.0,2900.0,154.0,1600 8x / 550 1X / 1100 PIX,cartao_credito + pix,1100.0,0.0,2150.0,0.0,0.0,,3250.0,NAO,,novo,Raissa,0dd2c938-c6dd-4f5d-aac5-ed045ee5d2fb,CELL,1,
178,21/06/2026,2026-06-21,IPHONE 16 PRO MAX 256GB DESERT SEMINOVO,Apple,357590875015280,,5150.0,5.0,4800.0,345.0,"R$5150,00 PIX",pix,5150.0,0.0,0.0,0.0,0.0,,5150.0,NAO,,novo,Renan,a50f1e24-aabb-41c1-b817-b4a4950bb1e4,BLOCO B,20,
179,21/06/2026,2026-06-21,IPHONE 16 PRO MAX 256GB PRETO SEMINOVO,Apple,350572412978086,,5100.0,25.0,4800.0,275.0,PIX,pix,0.0,0.0,0.0,0.0,0.0,,0.0,SIM,nenhum pagamento extraido,novo,Renan,a50f1e24-aabb-41c1-b817-b4a4950bb1e4,BLOCO B,20,
180,21/06/2026,2026-06-21,IPHONE 17 PRO MAX 256GB AZUL NOVO,Apple,357247257995858,,7350.0,20.0,7000.0,320.0,PIX,pix,0.0,0.0,0.0,0.0,0.0,,0.0,SIM,nenhum pagamento extraido,novo,Ronald,97f12885-87ad-426a-8bbb-656889d82e10,CASES,19,
181,21/06/2026,2026-06-21,IPHONE 13 PRO MAX 128GB GRAFITE SEMINOVO,Apple,351596246648317,,2700.0,20.0,2550.0,130.0,"R$ R$3.030,30 CRÉDITO 10x",cartao_credito,0.0,0.0,3030.3,0.0,0.0,,3030.3,NAO,,novo,Ronald,97f12885-87ad-426a-8bbb-656889d82e10,CASES,19,
182,21/06/2026,2026-06-21,IPHONE 13 128GB ROSA SEMINOVO,Apple,355611223279998,,1850.0,0.0,1700.0,150.0,"R$ 650,00 DINHEIRO / ENTRADA IPH 14 128GB PRETO R$ 1.200,00",dinheiro + troca_aparelho,0.0,650.0,0.0,0.0,4.0,1,654.0,NAO,,novo,Ronald,97f12885-87ad-426a-8bbb-656889d82e10,CASES,19,
183,21/06/2026,2026-06-21,IPHONE 11 128GB LILAS SEMINOVO,Apple,,,800.0,0.0,700.0,100.0,PIX,pix,0.0,0.0,0.0,0.0,0.0,,0.0,SIM,nenhum pagamento extraido,novo,Higor Guedes,85e3aa42-b9af-49b8-a72a-64e9c337aa53,CELL,1,sem IMEI
184,21/06/2026,2026-06-21,IPHONE 17 PRO MAX 256GB BRANCO SEMINOVO,Apple,35088986579925,,7225.0,145.0,6600.0,480.0,"PIX R$ 4.000,00 / R$ 3.225,00",pix,4000.0,0.0,0.0,0.0,0.0,,4000.0,NAO,,novo,Higor Guedes,85e3aa42-b9af-49b8-a72a-64e9c337aa53,CELL,1,
185,21/06/2026,2026-06-21,IPHONE 17 256GB BRANCO NOVO,Apple,,,5412.0,15.0,4950.0,447.0,PIX,pix,0.0,0.0,0.0,0.0,0.0,,0.0,SIM,nenhum pagamento extraido,novo,Higor Guedes,85e3aa42-b9af-49b8-a72a-64e9c337aa53,CELL,1,sem IMEI
186,21/06/2026,2026-06-21,REDMI NOTE 15 PRO 5G PRETO 512GB NOVO,Xiaomi,,,1910.0,0.0,1870.0,40.0,PIX,pix,0.0,0.0,0.0,0.0,0.0,,0.0,SIM,nenhum pagamento extraido,novo,Higor Guedes,85e3aa42-b9af-49b8-a72a-64e9c337aa53,CELL,1,sem IMEI
187,21/06/2026,2026-06-21,IPHONE 17 PRO MAX 256GB BRANCO NOVO,Apple,359652123329802,,7650.0,25.0,7250.0,375.0,"ENTRADA IPH 14 PLUS 128GB LILAS R$ 2.200,00 / PIX R$ 5.450,00",troca_aparelho,0.0,0.0,0.0,0.0,4.0,1,4.0,NAO,,novo,Higor Guedes,85e3aa42-b9af-49b8-a72a-64e9c337aa53,CELL,1,
188,21/06/2026,2026-06-21,IPHONE 17 PRO MAX 1TB BRANCO NOVO,Apple,,,10400.0,25.0,10100.0,275.0,"PIX R$ 3.200,00 / PIX R$ 2.000,00 / ENTRADA IPH 16 PRO MAX R$ 5.200,00",pix + troca_aparelho,5200.0,0.0,0.0,0.0,6.0,1,5206.0,NAO,,novo,Higor Guedes,85e3aa42-b9af-49b8-a72a-64e9c337aa53,CELL,1,sem IMEI
189,21/06/2026,2026-06-21,IPHONE 15 PRO MAX 256GB BRANCO SEMINOVO,Apple,,,4100.0,65.0,3800.0,235.0,"PIX R$ 750,00 / PIX R$ 4.766,00 / ENTRADA IPH 14 128GB PRETA R$ 1.750,00 - PAGAMENTO JUNTO, APARELHO 1",pix + troca_aparelho,5516.0,0.0,0.0,0.0,4.0,1,5520.0,NAO,,novo,Higor Guedes,85e3aa42-b9af-49b8-a72a-64e9c337aa53,CELL,1,sem IMEI
190,21/06/2026,2026-06-21,IPHONE 14 PRO MAX PRETO SEMINOVO,Apple,,,3166.0,15.0,3075.0,76.0,PAGAMENTO JUNTO APARELHO 2,pagamento_junto_secundario,0,0,0,0,0,,0,SIM,pagamento junto - aparelho 2+,novo,Higor Guedes,85e3aa42-b9af-49b8-a72a-64e9c337aa53,CELL,1,sem IMEI
191,21/06/2026,2026-06-21,IPHONE 17 PRO MAX 256GB SILVER SEMINOVO,Apple,358206130759880,,6850.0,0.0,6600.0,250.0,"PIX R$ 900,00 / PIX R$ 3.500,00 / ENTRADA IPH 13 PRO MAX R$ 2450",pix + troca_aparelho,4400.0,0.0,0.0,0.0,3.0,1,4403.0,NAO,,novo,Ruyter,85743f3e-1b32-49c0-9d9e-c16afd690f7d,CASES,19,
192,21/06/2026,2026-06-21,IPHONE 17 PRO MAX 256GB AZUL NOVO,Apple,MFXJ4LL/A,,7300.0,20.0,7000.0,280.0,"R$ 5.700 pix / entrando 13 128GB verde a 1.600,00",pix + troca_aparelho,5700.0,0.0,0.0,0.0,3.0,1,5703.0,NAO,,novo,Guilherme,25e2da5b-9e76-4388-9890-7e22efd6940d,BLOCO B,20,
193,23/06/2026,2026-06-23,IPHONE 17 PRO MAX 256GB AZUL NOVO,Apple,357247257710968,,7400.0,15.0,7000.0,385.0,"460,00 pix /4140,00 pix/ entrou um 14 pro Max seminovo por 2800,00",pix + troca_aparelho,4600.0,0.0,0.0,0.0,4.0,1,4604.0,NAO,,novo,Marcela,a3626643-4749-4e56-83bc-b4a8ffd53659,ONLINE,4,
194,23/06/2026,2026-06-23,FONTE APPLE ORIGINAL BRANCO,Outros,C4H6123284GQ8YQAZ,,330.0,35.0,125.0,170.0,PIX,pix,0.0,0.0,0.0,0.0,0.0,,0.0,SIM,nenhum pagamento extraido,seminovo,Marcela,a3626643-4749-4e56-83bc-b4a8ffd53659,ONLINE,4,
195,23/06/2026,2026-06-23,IPHONE 17 PRO MAX 256GB LARANJA NOVO,Apple,355101477277286,,7203.0,15.0,6900.0,288.0,"7203,00 em 10x",cartao_credito,0.0,0.0,7203.0,0.0,0.0,,7203.0,NAO,,novo,Marcela,a3626643-4749-4e56-83bc-b4a8ffd53659,ONLINE,4,
196,23/06/2026,2026-06-23,IPHONE 17 PRO MAX 256GB LARANJA NOVO,Apple,359652126214217,,7345.0,45.0,6900.0,400.0,"Pagou 2545,00 em 6x/ entrou um 16 pro Max 256 seminovo por 4800,00",cartao_credito + troca_aparelho,0.0,0.0,2545.0,0.0,6.0,1,2551.0,NAO,,novo,Marcela,a3626643-4749-4e56-83bc-b4a8ffd53659,ONLINE,4,
197,23/06/2026,2026-06-23,IPHONE 17 PRO MAX 256GB SILVER LACRADO,Apple,359372359613163,,8372.0,40.0,7250.0,236.0,"R$ 6996,00 12X / R$ 80,00 1X / ENTRADA IPHONE 11 PRO MAX R$ 1.300,00",cartao_credito + troca_aparelho,0.0,0.0,7076.0,0.0,1.0,1,7077.0,NAO,,seminovo,Raissa,0dd2c938-c6dd-4f5d-aac5-ed045ee5d2fb,CELL,1,
198,23/06/2026,2026-06-23,IPHONE 16 PRO MAX 1TB NATURAL SEMINOVO,Apple,359222380475605,,5566.0,0.0,5200.0,366.0,"PIX R$ 3.000,00 / PIX R$ 2.566,00",pix,5566.0,0.0,0.0,0.0,0.0,,5566.0,NAO,,novo,Higor Guedes,85e3aa42-b9af-49b8-a72a-64e9c337aa53,CELL,1,
199,23/06/2026,2026-06-23,IPHONE 17 PRO MAX 256GB AZUL SEMINOVO,Apple,359285691157691,,7500.0,10.0,6600.0,890.0,"PIX R$ 4.850,00 / ENTRADA IPH 14 PRO 256GB PRETO R$ 2.650,00",pix + troca_aparelho,4850.0,0.0,0.0,0.0,4.0,1,4854.0,NAO,,novo,Higor Guedes,85e3aa42-b9af-49b8-a72a-64e9c337aa53,CELL,1,
200,23/06/2026,2026-06-23,IPHONE 17 PRO MAX 256GB BRANCO NOVO,Apple,359372358367985,,7750.0,145.0,7250.0,355.0,"PIX R$ 4.000,00 / PIX R$ 1.100,00 / ENTRADA IPH 15 128GB PRETO R$ 2.650,00",pix + troca_aparelho,5100.0,0.0,0.0,0.0,5.0,1,5105.0,NAO,,novo,Higor Guedes,85e3aa42-b9af-49b8-a72a-64e9c337aa53,CELL,1,
201,23/06/2026,2026-06-23,IPHONE 17 PRO MAX 256GB AZUL SEMINOVO,Apple,35928569296526,,6950.0,10.0,6600.0,340.0,"PIX 10900,00 / ENTRADA IPH 14 256GB PRETO R$ 2.150,00 / ENTRADA IPH 13 128GB R$ 1.650,00 ( PAGAMENTO JUNTO- APARELHO 1)",pix + troca_aparelho,10900.0,0.0,0.0,0.0,4.0,1,10904.0,NAO,,novo,Higor Guedes,85e3aa42-b9af-49b8-a72a-64e9c337aa53,CELL,1,
202,23/06/2026,2026-06-23,IPHONE 17 PRO MAX BRANCO NOVO,Apple,353763617375619,,7750.0,15.0,7250.0,485.0,PAGAMENTO JUNTO APARELHO 2,pagamento_junto_secundario,0,0,0,0,0,,0,SIM,pagamento junto - aparelho 2+,novo,Higor Guedes,85e3aa42-b9af-49b8-a72a-64e9c337aa53,CELL,1,
203,23/06/2026,2026-06-23,APPLE WATCH S11 46 MM SPACE GRAY NOVO,Apple,mwyy9c3fq5,,2450.0,5.0,2750.0,295.0,PIX,pix,0.0,0.0,0.0,0.0,0.0,,0.0,SIM,nenhum pagamento extraido,novo,Guilherme,25e2da5b-9e76-4388-9890-7e22efd6940d,BLOCO B,20,
204,24/06/2026,2026-06-24,IPHONE 17 PRO MAX 256GB LARANJA NOVO,Apple,357247258909189,,7150.0,15.0,6900.0,235.0,"7200 pix/ 100,00 pix (PAGAMENTO JUNTO - APARELHO 1)",pix,7300.0,0.0,0.0,0.0,0.0,,7300.0,NAO,,novo,Marcela,a3626643-4749-4e56-83bc-b4a8ffd53659,ONLINE,4,
205,24/06/2026,2026-06-24,FONTE APPLE ORIGINAL,Outros,C4H610305UYQ8YQAU,,150.0,0.0,125.0,25.0,PAGAMENTO JUNTO APARELHO 2,pagamento_junto_secundario,0,0,0,0,0,,0,SIM,pagamento junto - aparelho 2+,seminovo,Marcela,a3626643-4749-4e56-83bc-b4a8ffd53659,ONLINE,4,
206,24/06/2026,2026-06-24,IPHONE 17 PRO MAX 256GB AZUL NOVO,Apple,357247258811823,,7500.0,35.0,7000.0,465.0,"PIX: R$ 1.000,00 / ENTRADA IPHONE 16 PRO MAX R$ 4.800,00",pix + troca_aparelho,1000.0,0.0,0.0,0.0,6.0,1,1006.0,NAO,,novo,Ruyter,85743f3e-1b32-49c0-9d9e-c16afd690f7d,CASES,19,
207,24/06/2026,2026-06-24,IPHONE 16 PRO MAX 256GB NATURAL SEMINOVO,Apple,355445520114743,,5000.0,20.0,4800.0,180.0,"R$ 2.200,00 PIX / ENTRADA IPH 14 PRO MAX ROXO 256GB R$ 2.800,00",pix + troca_aparelho,2200.0,0.0,0.0,0.0,4.0,1,2204.0,NAO,,novo,Ronald,97f12885-87ad-426a-8bbb-656889d82e10,CASES,19,
208,24/06/2026,2026-06-24,IPAD 11 128GB SILVER NOVO,Apple,J9JJP7WP9G,,2410.0,20.0,2230.0,170.0,"PIX R$ 1.560,00 / R$ 894,72 CRÉDITO 2X",cartao_credito + pix,1560.0,0.0,894.72,0.0,0.0,,2454.72,NAO,,novo,Ronald,97f12885-87ad-426a-8bbb-656889d82e10,CASES,19,
209,24/06/2026,2026-06-24,IPHONE 16 PRO MAX 256GB BRANCO SEMINOVO,Apple,,,5122.0,25.0,4800.0,297.0,PIX,pix,0.0,0.0,0.0,0.0,0.0,,0.0,SIM,nenhum pagamento extraido,novo,Ruyter,85743f3e-1b32-49c0-9d9e-c16afd690f7d,CASES,19,sem IMEI
210,24/06/2026,2026-06-24,IPHONE 17 PRO MAX 256GB LARANJA NOVO,Apple,359178370047483,,7200.0,15.0,6900.0,285.0,PIX,pix,0.0,0.0,0.0,0.0,0.0,,0.0,SIM,nenhum pagamento extraido,novo,Higor Guedes,85e3aa42-b9af-49b8-a72a-64e9c337aa53,CELL,1,
211,24/06/2026,2026-06-24,IPHONE 17 PRO MAX 256GB LARANJA NOVO,Apple,351205748943701,,7000.0,0.0,6900.0,100.0,PIX,pix,0.0,0.0,0.0,0.0,0.0,,0.0,SIM,nenhum pagamento extraido,novo,Higor Guedes,85e3aa42-b9af-49b8-a72a-64e9c337aa53,CELL,1,
212,24/06/2026,2026-06-24,IPHONE 17 PRO MAX 256GB SILVER NOVO,Apple,350230979927422,,7450.0,25.0,7200.0,225.0,R$ 5.000 pix / ENTRANDO 15 PRO MAX 256 GB a 3.700 (PAGAMENTO JUNTO - APARELHO 1),pix + troca_aparelho,5000.0,0.0,0.0,0.0,5.0,1,5005.0,NAO,,novo,Guilherme,25e2da5b-9e76-4388-9890-7e22efd6940d,BLOCO B,20,
213,24/06/2026,2026-06-24,IPHONE 11 PRO 256GB PRETO SEMINOVO,Apple,353237102003044,,1250.0,25.0,1000.0,225.0,PAGAMENTO JUNTO APARELHO 2,pagamento_junto_secundario,0,0,0,0,0,,0,SIM,pagamento junto - aparelho 2+,novo,Guilherme,25e2da5b-9e76-4388-9890-7e22efd6940d,BLOCO B,20,
214,25/06/2026,2026-06-25,IPHONE 17 PRO MAX 256GB LARANJA NOVO,Apple,357247258431358,,7000.0,0.0,6900.0,100.0,PIX,pix,0.0,0.0,0.0,0.0,0.0,,0.0,SIM,nenhum pagamento extraido,novo,Ronald,97f12885-87ad-426a-8bbb-656889d82e10,CASES,19,
215,25/06/2026,2026-06-25,IPHONE 17 PRO MAX 256GB LARANJA NOVO,Apple,359178372430588,,7806.0,10.0,6900.0,535.0,"R$ 3.306,00 crédito 10X / R$ 2.000,00 Pix / ENTRADA IPHONE 15 PRO MAX R$ 2.500,00",cartao_credito + pix + troca_aparelho,2000.0,0.0,3306.0,0.0,5.0,1,5311.0,NAO,,novo,Raissa,0dd2c938-c6dd-4f5d-aac5-ed045ee5d2fb,CELL,1,
216,25/06/2026,2026-06-25,IPHONE 16 128GB VERDE NOVO,Apple,356342310956822,,4200.0,5.0,4050.0,145.0,"2550,00 pix/entrou um 13 seminovo por 1650,00",pix + troca_aparelho,2550.0,0.0,0.0,0.0,3.0,1,2553.0,NAO,,novo,Marcela,a3626643-4749-4e56-83bc-b4a8ffd53659,ONLINE,4,
217,25/06/2026,2026-06-25,IPHONE 17 PRO MAX 256GB SILVER NOVO,Apple,351205747937779,,7350.0,5.0,7200.0,145.0,"2550,00 em 18x / entrou um 16 pro Max seminovo por 4800,00",cartao_credito + troca_aparelho,0.0,0.0,2550.0,0.0,6.0,1,2556.0,NAO,,novo,Marcela,a3626643-4749-4e56-83bc-b4a8ffd53659,ONLINE,4,
218,25/06/2026,2026-06-25,IPHONE 17 PRO MAX 256GB AZUL NOVO,Apple,351668147569627,,7205.0,15.0,7000.0,190.0,"2405 em 10x /entrou um 16 pro Max seminovo por 4800,00",cartao_credito + troca_aparelho,0.0,0.0,2405.0,0.0,6.0,1,2411.0,NAO,,novo,Marcela,a3626643-4749-4e56-83bc-b4a8ffd53659,ONLINE,4,
219,25/06/2026,2026-06-25,IPHONE 15 256GB PRETA SEMINOVO,Apple,354278704607005,,3400.0,25.0,2900.0,475.0,"3100,00 em 10x / entrou um 11 seminovo por 300,00",cartao_credito + troca_aparelho,0.0,0.0,3100.0,0.0,1.0,1,3101.0,NAO,,novo,Marcela,a3626643-4749-4e56-83bc-b4a8ffd53659,ONLINE,4,
220,25/06/2026,2026-06-25,IPHONE 14 128GB BRANCO SEMINOVO,Apple,354248589657888,,2200.0,20.0,1900.0,280.0,"1600,00 em 10x /100 reias dinheiro / entrou um 11 seminovo por 500,00",cartao_credito + dinheiro + troca_aparelho,0.0,100.0,1600.0,0.0,1.0,1,1701.0,NAO,,novo,Marcela,a3626643-4749-4e56-83bc-b4a8ffd53659,ONLINE,4,
221,25/06/2026,2026-06-25,IPHONE 15 PRO MAX 512GB PRETO SEMINOVO,Apple,354570359750878,,4300.0,0.0,4100.0,200.0,"R$3.400,00 PIX / R$ 700,00 PIX",pix,4100.0,0.0,0.0,0.0,0.0,,4100.0,NAO,,novo,Ronald,97f12885-87ad-426a-8bbb-656889d82e10,CASES,19,
222,25/06/2026,2026-06-25,IPHONE 17 PRO MAX 256GB AZUL NOVO,Apple,357247257477469,,7300.0,15.0,7000.0,285.0,"3500,00 pix / entrou um 15 pro Max seminovo por 3800,00",pix + troca_aparelho,3500.0,0.0,0.0,0.0,5.0,1,3505.0,NAO,,novo,Marcela,a3626643-4749-4e56-83bc-b4a8ffd53659,ONLINE,4,
223,25/06/2026,2026-06-25,IPHONE 15 PRO MAX 256GB PRETO SEMINOVO,Apple,358862620187345,,4000.0,25.0,3800.0,175.0,"PIX R$ 1.000,00 / DINHEIRO R$ 3.000,00",dinheiro + pix,1000.0,3000.0,0.0,0.0,0.0,,4000.0,NAO,,novo,Raissa,0dd2c938-c6dd-4f5d-aac5-ed045ee5d2fb,CELL,1,
224,25/06/2026,2026-06-25,IPHONE 17 PRO MAX 256GB LARANJA NOVO,Apple,,,7200.0,35.0,6900.0,265.0,"14 PRO MAX 128GB de entrada no valor de R$ 2.900,00 / PIX de R$ 4.300,00",pix? + troca_aparelho,14.0,0.0,0.0,0.0,2900.0,,2914.0,NAO,,novo,Renata,9451cd9f-6770-4e32-aae8-c75fa675e818,,0,"sem IMEI | loja sem mapeamento: """""
225,30/06/2026,2026-06-30,REDMI PAD 2 128GB GRAFIT NOVO,Xiaomi,65520/W5Z501219,,1200.0,0.0,900.0,210.0,PIX,pix,0.0,0.0,0.0,0.0,0.0,,0.0,SIM,nenhum pagamento extraido,novo,Higor Guedes,85e3aa42-b9af-49b8-a72a-64e9c337aa53,CELL,1,
