Numero Venda,Data Venda,Cliente,Loja,Vendedor da Venda,Tipo Pagamento,Valor,Data Pagamento,Criado Em,Usuario que Registrou o Pagamento
V002813,"28/02/2026, 17:31:02",DR CELL,AUTORIZADA CELL- FEIRA,Ruyter Junior ,dinheiro,70,"27/02/2026, 21:00:00","28/02/2026, 17:32:32",Ruyter Junior 
V002812,"28/02/2026, 17:28:49",QATAR,AUTORIZADA CELL- FEIRA,Ruyter Junior ,pix,400,"27/02/2026, 21:00:00","28/02/2026, 17:29:47",Ruyter Junior 
V002273,"20/02/2026, 15:54:33",ALEX LOJISTA,AUTORIZADA CELL- FEIRA,Ruyter Junior ,pix,150,"20/02/2026, 21:00:00","21/02/2026, 17:02:17",Camila Ramos Da Costa 
V002267,"20/02/2026, 15:22:23",PENATTI IMPORTS,AUTORIZADA CELL- FEIRA,Ruyter Junior ,dinheiro,80,"19/02/2026, 21:00:00","20/02/2026, 18:05:40",Camila Ramos Da Costa 
V002263,"20/02/2026, 14:45:22",SALVA VIDROS,AUTORIZADA CELL- FEIRA,Ruyter Junior ,dinheiro,50,"19/02/2026, 21:00:00","20/02/2026, 14:45:33",Ruyter Junior 
V002263,"20/02/2026, 14:45:22",SALVA VIDROS,AUTORIZADA CELL- FEIRA,Ruyter Junior ,pix,40,"19/02/2026, 21:00:00","20/02/2026, 14:45:40",Ruyter Junior 
V002257,"20/02/2026, 13:57:44",RAFAEL EPOW TECH,AUTORIZADA CELL- FEIRA,Ruyter Junior ,dinheiro,70,"19/02/2026, 21:00:00","20/02/2026, 14:58:33",Ruyter Junior 
V002249,"20/02/2026, 13:18:07",KLEBER BIG APPLE,AUTORIZADA CELL- FEIRA,Ruyter Junior ,pix,160,"19/02/2026, 21:00:00","20/02/2026, 18:34:46",Camila Ramos Da Costa 
V002242,"20/02/2026, 12:02:13",Yan Novinho,AUTORIZADA CELL- FEIRA,Ruyter Junior ,pix,140,"19/02/2026, 21:00:00","20/02/2026, 14:45:56",Ruyter Junior 
V002228,"20/02/2026, 10:34:19",BIEL IMPORTS,AUTORIZADA CELL- FEIRA,Ruyter Junior ,pix,80,"19/02/2026, 21:00:00","20/02/2026, 14:44:44",Ruyter Junior 
V002207,"19/02/2026, 15:57:35",Cloud Cell,AUTORIZADA CELL- FEIRA,Ruyter Junior ,pix,90,"27/02/2026, 21:00:00","28/02/2026, 18:12:42",Camila Ramos Da Costa 
V002205,"19/02/2026, 15:45:51",TOK CELL,AUTORIZADA CELL- FEIRA,Ruyter Junior ,pix,90,"18/02/2026, 21:00:00","19/02/2026, 17:48:57",Camila Ramos Da Costa 
V002195,"19/02/2026, 14:55:48",BIG APPLE,AUTORIZADA CELL- FEIRA,Ruyter Junior ,pix,90,"18/02/2026, 21:00:00","19/02/2026, 17:52:01",Camila Ramos Da Costa 
V002187,"19/02/2026, 14:14:46",KLEBER BIG APPLE,AUTORIZADA CELL- FEIRA,Ruyter Junior ,pix,90,"18/02/2026, 21:00:00","19/02/2026, 17:51:37",Camila Ramos Da Costa 
V002164,"19/02/2026, 11:09:11",DR CELL,AUTORIZADA CELL- FEIRA,Ruyter Junior ,pix,120,"18/02/2026, 21:00:00","19/02/2026, 11:09:13",Ruyter Junior 
V002128,"18/02/2026, 15:51:44",SAMIR ARABE,AUTORIZADA CELL- FEIRA,Ruyter Junior ,pix,230,"18/02/2026, 21:00:00","19/02/2026, 13:42:15",Camila Ramos Da Costa 
V002117,"18/02/2026, 14:08:38",D`Lux,AUTORIZADA CELL- FEIRA,Ruyter Junior ,pix,60,"17/02/2026, 21:00:00","18/02/2026, 14:08:39",Ruyter Junior 
V002114,"18/02/2026, 13:26:30",BIEL IMPORTS,AUTORIZADA CELL- FEIRA,Ruyter Junior ,pix,30,"17/02/2026, 21:00:00","18/02/2026, 17:07:22",Camila Ramos Da Costa 
V002107,"18/02/2026, 12:24:31",ALEX C499,AUTORIZADA CELL- FEIRA,Ruyter Junior ,pix,460,"19/02/2026, 21:00:00","20/02/2026, 17:57:06",Camila Ramos Da Costa 
V002100,"18/02/2026, 12:02:17",LOJISTA,AUTORIZADA CELL- FEIRA,Ruyter Junior ,pix,450,"17/02/2026, 21:00:00","18/02/2026, 17:05:38",Camila Ramos Da Costa 
V002095,"18/02/2026, 11:10:50",ISMAEL FIX,AUTORIZADA CELL- FEIRA,Ruyter Junior ,pix,240,"18/02/2026, 21:00:00","19/02/2026, 17:49:28",Camila Ramos Da Costa 
V001862,"13/02/2026, 10:22:08",DR CELL,AUTORIZADA CELL- FEIRA,Ruyter Junior ,pix,555,"28/03/2026, 21:00:00","29/03/2026, 17:38:58",Camila Ramos Da Costa 
V001854,"12/02/2026, 17:24:08",CONSUMIDOR,AUTORIZADA CELL- FEIRA,Ruyter Junior ,pix,70,"11/02/2026, 21:00:00","12/02/2026, 18:00:35",Camila Ramos Da Costa 
V001793,"11/02/2026, 18:37:13",LOJISTA,AUTORIZADA CELL- FEIRA,Ruyter Junior ,pix,120,"10/02/2026, 21:00:00","11/02/2026, 18:57:03",Camila Ramos Da Costa 
V001791,"11/02/2026, 18:20:59",LOJISTA,AUTORIZADA CELL- FEIRA,Ruyter Junior ,dinheiro,80,"10/02/2026, 21:00:00","11/02/2026, 18:34:37",Camila Ramos Da Costa 
V001700,"10/02/2026, 13:52:22",SOBRAL TECH,AUTORIZADA CELL- FEIRA,Ruyter Junior ,pix,80,"09/02/2026, 21:00:00","10/02/2026, 17:43:02",Camila Ramos Da Costa 
V001692,"10/02/2026, 13:00:34",Eli IFERA,AUTORIZADA CELL- FEIRA,Ruyter Junior ,pix,90,"09/02/2026, 21:00:00","10/02/2026, 17:48:45",Camila Ramos Da Costa 
V001692,"10/02/2026, 13:00:34",Eli IFERA,AUTORIZADA CELL- FEIRA,Ruyter Junior ,pix,250,"14/02/2026, 21:00:00","15/02/2026, 18:28:38",Camila Ramos Da Costa 
V001690,"10/02/2026, 12:57:15",ALEX C499,AUTORIZADA CELL- FEIRA,Ruyter Junior ,dinheiro,100,"10/02/2026, 21:00:00","11/02/2026, 18:15:17",Camila Ramos Da Costa 
V001690,"10/02/2026, 12:57:15",ALEX C499,AUTORIZADA CELL- FEIRA,Ruyter Junior ,pix,20,"10/02/2026, 21:00:00","11/02/2026, 18:32:43",Camila Ramos Da Costa 
V001579,"08/02/2026, 11:55:41",Eli IFERA,AUTORIZADA CELL- FEIRA,Ruyter Junior ,pix,80,"07/02/2026, 21:00:00","08/02/2026, 16:04:11",Camila Ramos Da Costa 
V001579,"08/02/2026, 11:55:41",Eli IFERA,AUTORIZADA CELL- FEIRA,Ruyter Junior ,pix,450,"07/02/2026, 21:00:00","08/02/2026, 16:04:33",Camila Ramos Da Costa 
V001579,"08/02/2026, 11:55:41",Eli IFERA,AUTORIZADA CELL- FEIRA,Ruyter Junior ,pix,45,"07/02/2026, 21:00:00","08/02/2026, 17:49:16",Camila Ramos Da Costa 
V001572,"08/02/2026, 11:04:24",YOU CASE A38,AUTORIZADA CELL- FEIRA,Ruyter Junior ,dinheiro,320,"12/02/2026, 21:00:00","13/02/2026, 12:59:32",Camila Ramos Da Costa 
V001563,"07/02/2026, 18:22:44",LOJISTA,AUTORIZADA CELL- FEIRA,Ruyter Junior ,dinheiro,280,"06/02/2026, 21:00:00","07/02/2026, 18:23:04",Camila Ramos Da Costa 
V001554,"07/02/2026, 16:22:31",LOJISTA,AUTORIZADA CELL- FEIRA,Ruyter Junior ,pix,165,"06/02/2026, 21:00:00","07/02/2026, 18:12:52",Camila Ramos Da Costa 
V001551,"07/02/2026, 15:28:12",LOJISTA,AUTORIZADA CELL- FEIRA,Ruyter Junior ,pix,500,"06/02/2026, 21:00:00","07/02/2026, 18:14:15",Camila Ramos Da Costa 
V001543,"07/02/2026, 13:23:56",SUBLIME ASSISTENCIA,AUTORIZADA CELL- FEIRA,Ruyter Junior ,pix,50,"07/02/2026, 21:00:00","08/02/2026, 17:45:37",Camila Ramos Da Costa 
V001542,"07/02/2026, 13:23:13",KID CELL,AUTORIZADA CELL- FEIRA,Ruyter Junior ,pix,150,"06/02/2026, 21:00:00","07/02/2026, 17:01:00",Camila Ramos Da Costa 
V001510,"06/02/2026, 18:21:12",LOJISTA,AUTORIZADA CELL- FEIRA,Ruyter Junior ,pix,100,"05/02/2026, 21:00:00","06/02/2026, 18:22:19",Camila Ramos Da Costa 
V001432,"05/02/2026, 16:31:37",BOLUDO,AUTORIZADA CELL- FEIRA,Ruyter Junior ,dinheiro,1539,"05/03/2026, 21:00:00","06/03/2026, 14:26:33",Camila Ramos Da Costa 
V001427,"05/02/2026, 16:02:11",BRUNO,AUTORIZADA CELL- FEIRA,Ruyter Junior ,pix,120,"04/02/2026, 21:00:00","05/02/2026, 17:25:19",Camila Ramos Da Costa 
V001419,"05/02/2026, 14:34:26",LOJISTA,AUTORIZADA CELL- FEIRA,Ruyter Junior ,dinheiro,39,"04/02/2026, 21:00:00","05/02/2026, 15:07:38",Camila Ramos Da Costa 
V001338,"04/02/2026, 11:11:47",LOJISTA,AUTORIZADA CELL- FEIRA,Ruyter Junior ,pix,55,"03/02/2026, 21:00:00","04/02/2026, 16:28:25",Camila Ramos Da Costa 
V001331,"04/02/2026, 10:30:57",Barão Apple,AUTORIZADA CELL- FEIRA,Ruyter Junior ,pix,390,"03/02/2026, 21:00:00","04/02/2026, 18:19:02",Camila Ramos Da Costa 
V001302,"03/02/2026, 15:40:29",SBR CELL,AUTORIZADA CELL- FEIRA,Ruyter Junior ,transferencia,610,"07/03/2026, 21:00:00","08/03/2026, 12:51:32",Yasmin Monteiro
V001301,"03/02/2026, 15:39:26",SAMIR ARABE,AUTORIZADA CELL- FEIRA,Ruyter Junior ,pix,45,"18/02/2026, 21:00:00","19/02/2026, 13:42:25",Camila Ramos Da Costa 
V001129,"31/01/2026, 11:36:51",Eli IFERA,AUTORIZADA CELL- FEIRA,Ruyter Junior ,pix,430,"30/01/2026, 21:00:00","31/01/2026, 18:19:52",Camila Ramos Da Costa 
V001128,"31/01/2026, 11:34:18",Henry Imports,AUTORIZADA CELL- FEIRA,Ruyter Junior ,dinheiro,90,"31/01/2026, 21:00:00","01/02/2026, 14:10:30",Camila Ramos Da Costa 
V001119,"31/01/2026, 10:16:17",FAST CELL,AUTORIZADA CELL- FEIRA,Ruyter Junior ,pix,210,"30/01/2026, 21:00:00","31/01/2026, 15:45:37",Camila Ramos Da Costa 
V001109,"30/01/2026, 17:47:36",LOJISTA,AUTORIZADA CELL- FEIRA,Ruyter Junior ,pix,580,"29/01/2026, 21:00:00","30/01/2026, 17:55:05",Camila Ramos Da Costa 
V001078,"30/01/2026, 12:25:43",BARBOSA ACESSORIOS,AUTORIZADA CELL- FEIRA,Ruyter Junior ,pix,30,"29/01/2026, 21:00:00","30/01/2026, 15:29:11",Camila Ramos Da Costa 
V001062,"30/01/2026, 09:31:48",ALL TEC SHOP,AUTORIZADA CELL- FEIRA,Ruyter Junior ,dinheiro,460,"29/01/2026, 21:00:00","30/01/2026, 16:51:00",Camila Ramos Da Costa 
V001054,"29/01/2026, 16:54:43",FAST CELL,AUTORIZADA CELL- FEIRA,Ruyter Junior ,pix,120,"30/01/2026, 21:00:00","31/01/2026, 15:45:27",Camila Ramos Da Costa 
V001050,"29/01/2026, 15:54:53",BIG APPLE,AUTORIZADA CELL- FEIRA,Ruyter Junior ,pix,200,"28/01/2026, 21:00:00","29/01/2026, 17:02:31",Camila Ramos Da Costa 
V001007,"29/01/2026, 11:16:30",MARCELO NEGUIM,AUTORIZADA CELL- FEIRA,Ruyter Junior ,dinheiro,100,"28/01/2026, 21:00:00","29/01/2026, 17:00:29",Camila Ramos Da Costa 
V000974,"28/01/2026, 16:39:09",DR CELL,AUTORIZADA CELL- FEIRA,Ruyter Junior ,pix,465,"11/03/2026, 21:00:00","12/03/2026, 15:13:14",Camila Ramos Da Costa 
V000968,"28/01/2026, 14:28:02",BIG APPLE,AUTORIZADA CELL- FEIRA,Ruyter Junior ,pix,285,"27/01/2026, 21:00:00","28/01/2026, 18:30:10",Camila Ramos Da Costa 
V000965,"28/01/2026, 14:21:28",CONSUMIDOR,AUTORIZADA CELL- FEIRA,Ruyter Junior ,cartao_credito,30,"27/01/2026, 21:00:00","28/01/2026, 16:47:15",Camila Ramos Da Costa 
V000932,"28/01/2026, 10:19:55",Henry Imports,AUTORIZADA CELL- FEIRA,Ruyter Junior ,pix,80,"27/01/2026, 21:00:00","28/01/2026, 17:50:56",Camila Ramos Da Costa 
V000932,"28/01/2026, 10:19:55",Henry Imports,AUTORIZADA CELL- FEIRA,Ruyter Junior ,pix,90,"28/01/2026, 21:00:00","29/01/2026, 17:01:33",Camila Ramos Da Costa 
V000927,"28/01/2026, 09:39:27",MOHAMAD,AUTORIZADA CELL- FEIRA,Ruyter Junior ,pix,80,"27/01/2026, 21:00:00","28/01/2026, 16:25:34",Camila Ramos Da Costa 
V000918,"27/01/2026, 16:41:15",Eli IFERA,AUTORIZADA CELL- FEIRA,Ruyter Junior ,pix,90,"27/01/2026, 21:00:00","28/01/2026, 16:34:54",Camila Ramos Da Costa 
V000918,"27/01/2026, 16:41:15",Eli IFERA,AUTORIZADA CELL- FEIRA,Ruyter Junior ,pix,105,"28/01/2026, 21:00:00","29/01/2026, 16:37:23",Camila Ramos Da Costa 
V000916,"27/01/2026, 16:36:01",SUBLIME ASSISTENCIA,AUTORIZADA CELL- FEIRA,Ruyter Junior ,pix,20,"27/01/2026, 21:00:00","28/01/2026, 16:36:02",Camila Ramos Da Costa 
V000898,"27/01/2026, 14:28:52",BIEL IMPORTS,AUTORIZADA CELL- FEIRA,Ruyter Junior ,pix,35,"26/01/2026, 21:00:00","27/01/2026, 17:08:32",Ramona Kawana
V000881,"27/01/2026, 12:04:20",PAULINHO FEIRA,AUTORIZADA CELL- FEIRA,Ruyter Junior ,pix,700,"26/01/2026, 21:00:00","27/01/2026, 17:02:46",Ramona Kawana
V000880,"27/01/2026, 12:03:40",ROGERIO MY PHONE,AUTORIZADA CELL- FEIRA,Ruyter Junior ,pix,20,"26/01/2026, 21:00:00","27/01/2026, 17:04:35",Ramona Kawana
V000876,"27/01/2026, 11:49:38",WISLEY SOARES,AUTORIZADA CELL- FEIRA,Ruyter Junior ,dinheiro,90,"29/01/2026, 21:00:00","30/01/2026, 16:46:52",Camila Ramos Da Costa 
V000864,"27/01/2026, 10:27:26",DR CELL,AUTORIZADA CELL- FEIRA,Ruyter Junior ,pix,525,"25/02/2026, 21:00:00","26/02/2026, 17:53:30",Camila Ramos Da Costa 
V000864,"27/01/2026, 10:27:26",DR CELL,AUTORIZADA CELL- FEIRA,Ruyter Junior ,pix,145,"11/03/2026, 21:00:00","12/03/2026, 15:12:53",Camila Ramos Da Costa 
V000863,"27/01/2026, 10:26:52",KLEBER BIG APPLE,AUTORIZADA CELL- FEIRA,Ruyter Junior ,pix,270,"27/01/2026, 21:00:00","28/01/2026, 16:47:51",Camila Ramos Da Costa 
V000795,"25/01/2026, 13:30:05",MIQUEIAS,AUTORIZADA CELL- FEIRA,Ruyter Junior ,pix,110,"24/01/2026, 21:00:00","25/01/2026, 16:17:22",Ramona Kawana
V000794,"25/01/2026, 13:15:17",PENATTI IMPORTS,AUTORIZADA CELL- FEIRA,Ruyter Junior ,pix,290,"24/01/2026, 21:00:00","25/01/2026, 16:17:03",Ramona Kawana
V000791,"25/01/2026, 12:38:45",FAST CELL,AUTORIZADA CELL- FEIRA,Ruyter Junior ,pix,20,"27/01/2026, 21:00:00","28/01/2026, 17:01:01",Camila Ramos Da Costa 
V000790,"25/01/2026, 11:49:21",Henry Imports,AUTORIZADA CELL- FEIRA,Ruyter Junior ,pix,300,"28/01/2026, 21:00:00","29/01/2026, 17:01:24",Camila Ramos Da Costa 
V000789,"25/01/2026, 11:48:48",VANDO V TECH,AUTORIZADA CELL- FEIRA,Ruyter Junior ,dinheiro,80,"27/01/2026, 21:00:00","28/01/2026, 16:56:30",Camila Ramos Da Costa 
V000788,"25/01/2026, 11:48:04",DR CELL,AUTORIZADA CELL- FEIRA,Ruyter Junior ,pix,750,"25/02/2026, 21:00:00","26/02/2026, 17:53:12",Camila Ramos Da Costa 
V000717,"24/01/2026, 09:54:51",DR CELL,AUTORIZADA CELL- FEIRA,Ruyter Junior ,pix,1190,"25/02/2026, 21:00:00","26/02/2026, 17:52:46",Camila Ramos Da Costa 
V000690,"23/01/2026, 13:56:44",KID CELL,AUTORIZADA CELL- FEIRA,Ruyter Junior ,pix,290,"22/01/2026, 21:00:00","23/01/2026, 16:55:57",Camila Ramos Da Costa 
V000682,"23/01/2026, 12:23:26",BOLUDO,AUTORIZADA CELL- FEIRA,Ruyter Junior ,pix,325,"30/01/2026, 21:00:00","31/01/2026, 18:34:40",Camila Ramos Da Costa 
V000670,"23/01/2026, 10:27:35",DR CELL,AUTORIZADA CELL- FEIRA,Ruyter Junior ,pix,260,"25/02/2026, 21:00:00","26/02/2026, 17:52:28",Camila Ramos Da Costa 
V000669,"23/01/2026, 10:20:22",WISLEY SOARES,AUTORIZADA CELL- FEIRA,Ruyter Junior ,pix,355,"22/01/2026, 21:00:00","23/01/2026, 18:12:51",Camila Ramos Da Costa 
V000663,"22/01/2026, 17:31:21",Eli IFERA,AUTORIZADA CELL- FEIRA,Ruyter Junior ,pix,59,"28/01/2026, 21:00:00","29/01/2026, 16:37:02",Camila Ramos Da Costa 
V000661,"22/01/2026, 17:01:27",AZ IMPORTS,AUTORIZADA CELL- FEIRA,Ruyter Junior ,dinheiro,110,"21/01/2026, 21:00:00","22/01/2026, 17:19:50",Camila Ramos Da Costa 
V000656,"22/01/2026, 15:26:30",IPREMIUM,AUTORIZADA CELL- FEIRA,Ruyter Junior ,pix,85,"21/01/2026, 21:00:00","22/01/2026, 17:16:22",Camila Ramos Da Costa 
V000653,"22/01/2026, 15:01:57",WANDERSON CATAR IMPORTS  A371,AUTORIZADA CELL- FEIRA,Ruyter Junior ,pix,40,"21/01/2026, 21:00:00","22/01/2026, 15:07:16",Camila Ramos Da Costa 
V000645,"22/01/2026, 14:29:09",LOJISTA,AUTORIZADA CELL- FEIRA,Ruyter Junior ,pix,80,"21/01/2026, 21:00:00","22/01/2026, 14:58:10",Camila Ramos Da Costa 
V000638,"22/01/2026, 12:50:29",ALL TEC SHOP,AUTORIZADA CELL- FEIRA,Ruyter Junior ,pix,145,"21/01/2026, 21:00:00","22/01/2026, 17:44:08",Camila Ramos Da Costa 
V000635,"22/01/2026, 11:38:50",KID CELL,AUTORIZADA CELL- FEIRA,Ruyter Junior ,pix,100,"21/01/2026, 21:00:00","22/01/2026, 14:54:37",Camila Ramos Da Costa 
V000626,"22/01/2026, 10:47:33",APPLE TIME,AUTORIZADA CELL- FEIRA,Ruyter Junior ,pix,90,"21/01/2026, 21:00:00","22/01/2026, 14:52:13",Camila Ramos Da Costa 
V000621,"22/01/2026, 10:06:28",EPOW TECH,AUTORIZADA CELL- FEIRA,Ruyter Junior ,pix,500,"22/01/2026, 21:00:00","23/01/2026, 18:18:40",Camila Ramos Da Costa 
V000609,"21/01/2026, 16:25:57",BARBOSA ACESSORIOS,AUTORIZADA CELL- FEIRA,Ruyter Junior ,pix,10,"20/01/2026, 21:00:00","21/01/2026, 16:40:00",Camila Ramos Da Costa 
V000605,"21/01/2026, 15:16:31",LOJISTA,AUTORIZADA CELL- FEIRA,Ruyter Junior ,dinheiro,70,"20/01/2026, 21:00:00","21/01/2026, 16:33:55",Camila Ramos Da Costa 
V000599,"21/01/2026, 14:49:53",WIN STORE,AUTORIZADA CELL- FEIRA,Ruyter Junior ,pix,20,"23/01/2026, 21:00:00","24/01/2026, 15:49:19",Camila Ramos Da Costa 
V000594,"21/01/2026, 14:23:21",GELEIA,AUTORIZADA CELL- FEIRA,Ruyter Junior ,pix,280,"20/01/2026, 21:00:00","21/01/2026, 16:29:47",Camila Ramos Da Costa 
V000589,"21/01/2026, 13:44:39",POINT CELL,AUTORIZADA CELL- FEIRA,Ruyter Junior ,pix,500,"20/01/2026, 21:00:00","21/01/2026, 16:28:48",Camila Ramos Da Costa 
V000579,"21/01/2026, 12:23:03",Davi Feira,AUTORIZADA CELL- FEIRA,Ruyter Junior ,pix,20,"21/01/2026, 21:00:00","22/01/2026, 10:53:47",Camila Ramos Da Costa 
V000574,"21/01/2026, 12:01:46",DR CELL,AUTORIZADA CELL- FEIRA,Ruyter Junior ,pix,290,"25/02/2026, 21:00:00","26/02/2026, 17:51:39",Camila Ramos Da Costa 
V000569,"21/01/2026, 11:32:32",ALL TEC SHOP,AUTORIZADA CELL- FEIRA,Ruyter Junior ,pix,85,"20/01/2026, 21:00:00","21/01/2026, 17:59:04",Camila Ramos Da Costa 
V000564,"21/01/2026, 10:53:38",PRO APPLE,AUTORIZADA CELL- FEIRA,Ruyter Junior ,pix,100,"20/01/2026, 21:00:00","21/01/2026, 16:12:33",Camila Ramos Da Costa 
V000563,"21/01/2026, 10:49:29",LOJISTA,AUTORIZADA CELL- FEIRA,Ruyter Junior ,pix,80,"20/01/2026, 21:00:00","21/01/2026, 16:12:12",Camila Ramos Da Costa 
V000558,"21/01/2026, 10:32:52",BOLUDO,AUTORIZADA CELL- FEIRA,Ruyter Junior ,pix,341,"28/01/2026, 21:00:00","29/01/2026, 16:25:12",Camila Ramos Da Costa 
V000558,"21/01/2026, 10:32:52",BOLUDO,AUTORIZADA CELL- FEIRA,Ruyter Junior ,pix,504,"30/01/2026, 21:00:00","31/01/2026, 18:34:28",Camila Ramos Da Costa 
V000552,"21/01/2026, 09:45:14",QATAR,AUTORIZADA CELL- FEIRA,Ruyter Junior ,pix,120,"21/01/2026, 21:00:00","22/01/2026, 10:55:49",Camila Ramos Da Costa 
V000546,"20/01/2026, 18:08:06",LOJISTA,AUTORIZADA CELL- FEIRA,Ruyter Junior ,dinheiro,200,"19/01/2026, 21:00:00","20/01/2026, 18:17:31",Camila Ramos Da Costa 
V000533,"20/01/2026, 15:42:05",PB IMPORTS,AUTORIZADA CELL- FEIRA,Ruyter Junior ,pix,35,"19/01/2026, 21:00:00","20/01/2026, 17:17:47",Camila Ramos Da Costa 
V000532,"20/01/2026, 15:33:57",Henry Imports,AUTORIZADA CELL- FEIRA,Ruyter Junior ,pix,170,"20/01/2026, 21:00:00","21/01/2026, 16:27:57",Camila Ramos Da Costa 
V000521,"20/01/2026, 14:17:49",ITALO MASTER,AUTORIZADA CELL- FEIRA,Ruyter Junior ,pix,140,"04/02/2026, 21:00:00","05/02/2026, 17:30:46",Camila Ramos Da Costa 
V000512,"20/01/2026, 13:04:12",BOLUDO,AUTORIZADA CELL- FEIRA,Ruyter Junior ,pix,1762.25,"28/01/2026, 21:00:00","29/01/2026, 16:24:47",Camila Ramos Da Costa 
V000509,"20/01/2026, 12:43:38",DR CELL,AUTORIZADA CELL- FEIRA,Ruyter Junior ,pix,630,"25/02/2026, 21:00:00","26/02/2026, 17:51:10",Camila Ramos Da Costa 
V000487,"20/01/2026, 10:11:32",DR CELL,AUTORIZADA CELL- FEIRA,Ruyter Junior ,pix,80,"25/02/2026, 21:00:00","26/02/2026, 17:50:08",Camila Ramos Da Costa 
V000484,"20/01/2026, 10:03:19",Eli IFERA,AUTORIZADA CELL- FEIRA,Ruyter Junior ,pix,120,"19/01/2026, 21:00:00","20/01/2026, 16:32:53",Camila Ramos Da Costa 
V000484,"20/01/2026, 10:03:19",Eli IFERA,AUTORIZADA CELL- FEIRA,Ruyter Junior ,pix,145,"21/01/2026, 21:00:00","22/01/2026, 17:17:56",Camila Ramos Da Costa 
V000429,"18/01/2026, 16:42:51",VICTOR CELL,AUTORIZADA CELL- FEIRA,Ruyter Junior ,pix,30,"17/01/2026, 21:00:00","18/01/2026, 17:43:22",Camila Ramos Da Costa 
V000424,"18/01/2026, 14:39:31",LOJISTA,AUTORIZADA CELL- FEIRA,Ruyter Junior ,pix,75,"17/01/2026, 21:00:00","18/01/2026, 17:12:39",Camila Ramos Da Costa 
V000410,"18/01/2026, 11:59:05",LINHA FEIRA,AUTORIZADA CELL- FEIRA,Ruyter Junior ,pix,60,"17/01/2026, 21:00:00","18/01/2026, 12:11:01",Camila Ramos Da Costa 
V000398,"17/01/2026, 18:06:02",5G IMPORTS,AUTORIZADA CELL- FEIRA,Ruyter Junior ,dinheiro,20,"16/01/2026, 21:00:00","17/01/2026, 18:06:46",Camila Ramos Da Costa 
V000387,"17/01/2026, 16:14:33",Cloud Cell,AUTORIZADA CELL- FEIRA,Ruyter Junior ,pix,90,"21/01/2026, 21:00:00","22/01/2026, 14:54:17",Camila Ramos Da Costa 
V000385,"17/01/2026, 16:10:16",DIGITAL APPLE,AUTORIZADA CELL- FEIRA,Ruyter Junior ,pix,360,"16/01/2026, 21:00:00","17/01/2026, 16:33:14",Camila Ramos Da Costa 
V000384,"17/01/2026, 16:06:05",EXTREME LAN HOUSE,AUTORIZADA CELL- FEIRA,Ruyter Junior ,pix,90,"16/01/2026, 21:00:00","17/01/2026, 16:33:33",Camila Ramos Da Costa 
V000380,"17/01/2026, 15:26:56",CERRADO CELL,AUTORIZADA CELL- FEIRA,Ruyter Junior ,pix,50,"16/01/2026, 21:00:00","17/01/2026, 16:22:34",Camila Ramos Da Costa 
V000367,"17/01/2026, 13:35:00",Eli IFERA,AUTORIZADA CELL- FEIRA,Ruyter Junior ,pix,200,"16/01/2026, 21:00:00","17/01/2026, 17:39:01",Camila Ramos Da Costa 
V000367,"17/01/2026, 13:35:00",Eli IFERA,AUTORIZADA CELL- FEIRA,Ruyter Junior ,pix,210,"16/01/2026, 21:00:00","17/01/2026, 17:53:31",Camila Ramos Da Costa 
V000359,"17/01/2026, 11:57:12",SAMIR ARABE,AUTORIZADA CELL- FEIRA,Ruyter Junior ,pix,90,"16/01/2026, 21:00:00","17/01/2026, 14:08:11",Camila Ramos Da Costa 
V000349,"17/01/2026, 10:55:56",LOJISTA,AUTORIZADA CELL- FEIRA,Ruyter Junior ,dinheiro,10,"16/01/2026, 21:00:00","17/01/2026, 14:02:36",Camila Ramos Da Costa 
V000347,"17/01/2026, 10:33:02",Eli IFERA,AUTORIZADA CELL- FEIRA,Ruyter Junior ,pix,370,"16/01/2026, 21:00:00","17/01/2026, 14:00:33",Camila Ramos Da Costa 
V000347,"17/01/2026, 10:33:02",Eli IFERA,AUTORIZADA CELL- FEIRA,Ruyter Junior ,pix,80,"16/01/2026, 21:00:00","17/01/2026, 14:01:48",Camila Ramos Da Costa 
V000346,"17/01/2026, 10:30:20",DR CELL,AUTORIZADA CELL- FEIRA,Ruyter Junior ,pix,900,"25/02/2026, 21:00:00","26/02/2026, 17:49:33",Camila Ramos Da Costa 
V000342,"17/01/2026, 09:48:02",KLEBER BIG APPLE,AUTORIZADA CELL- FEIRA,Ruyter Junior ,pix,80,"16/01/2026, 21:00:00","17/01/2026, 14:00:16",Camila Ramos Da Costa 
V000331,"16/01/2026, 16:45:49",FAST CELL,AUTORIZADA CELL- FEIRA,Ruyter Junior ,pix,160,"19/01/2026, 21:00:00","20/01/2026, 17:15:36",Camila Ramos Da Costa 
V000279,"16/01/2026, 10:08:54",Atual Games,AUTORIZADA CELL- FEIRA,Ruyter Junior ,pix,90,"15/01/2026, 21:00:00","16/01/2026, 10:09:51",Camila Ramos Da Costa 
V000266,"15/01/2026, 17:03:39",SUBLIME ASSISTENCIA,AUTORIZADA CELL- FEIRA,Ruyter Junior ,pix,20,"14/01/2026, 21:00:00","15/01/2026, 17:13:45",Camila Ramos Da Costa 
V000265,"15/01/2026, 17:03:03",MAURICIO CELULAR,AUTORIZADA CELL- FEIRA,Ruyter Junior ,pix,240,"14/01/2026, 21:00:00","15/01/2026, 17:13:19",Camila Ramos Da Costa 
V000225,"15/01/2026, 11:41:46",ALEX C499,AUTORIZADA CELL- FEIRA,Ruyter Junior ,pix,300,"17/01/2026, 21:00:00","18/01/2026, 11:21:59",Camila Ramos Da Costa 
V000222,"15/01/2026, 11:28:48",LOJISTA,AUTORIZADA CELL- FEIRA,Ruyter Junior ,dinheiro,45,"14/01/2026, 21:00:00","15/01/2026, 12:27:51",Camila Ramos Da Costa 
V000173,"14/01/2026, 13:06:32",VANDO V TECH,AUTORIZADA CELL- FEIRA,Ruyter Junior ,pix,60,"23/01/2026, 21:00:00","24/01/2026, 11:47:44",Camila Ramos Da Costa 
V000112,"13/01/2026, 16:46:43",SPACE PHONE,AUTORIZADA CELL- FEIRA,Ruyter Junior ,pix,20,"12/01/2026, 21:00:00","13/01/2026, 16:47:44",Camila Ramos Da Costa 
V000112,"13/01/2026, 16:46:43",SPACE PHONE,AUTORIZADA CELL- FEIRA,Ruyter Junior ,dinheiro,250,"12/01/2026, 21:00:00","13/01/2026, 16:47:52",Camila Ramos Da Costa 
V000110,"13/01/2026, 16:42:52",LB IMPORTS,AUTORIZADA CELL- FEIRA,Ruyter Junior ,pix,380,"12/01/2026, 21:00:00","13/01/2026, 16:45:18",Camila Ramos Da Costa 
V000093,"13/01/2026, 15:08:20",LB IMPORTS,AUTORIZADA CELL- FEIRA,Ruyter Junior ,pix,250,"12/01/2026, 21:00:00","13/01/2026, 16:40:25",Camila Ramos Da Costa 
V000087,"13/01/2026, 14:35:16",DR CELL,AUTORIZADA CELL- FEIRA,Ruyter Junior ,dinheiro,310,"20/02/2026, 21:00:00","21/02/2026, 18:08:17",Camila Ramos Da Costa 
V000087,"13/01/2026, 14:35:16",DR CELL,AUTORIZADA CELL- FEIRA,Ruyter Junior ,pix,170,"21/02/2026, 21:00:00","22/02/2026, 17:46:40",Camila Ramos Da Costa 
V000084,"13/01/2026, 14:10:49",LOJISTA,AUTORIZADA CELL- FEIRA,Ruyter Junior ,dinheiro,120,"12/01/2026, 21:00:00","13/01/2026, 16:38:55",Camila Ramos Da Costa 
V010214,"11/01/2026, 13:16:41",SUBLIME ASSISTENCIA,AUTORIZADA CELL- FEIRA,Ruyter Junior ,pix,120,"27/01/2026, 21:00:00","28/01/2026, 16:35:52",Camila Ramos Da Costa 
V010213,"11/01/2026, 13:16:13",LOJISTA,AUTORIZADA CELL- FEIRA,Ruyter Junior ,pix,80,"10/01/2026, 21:00:00","11/01/2026, 14:03:31",Camila Ramos Da Costa 
V010180,"10/01/2026, 16:46:20",WISLEY SOARES,AUTORIZADA CELL- FEIRA,Ruyter Junior ,pix,260,"13/01/2026, 21:00:00","14/01/2026, 14:27:18",Camila Ramos Da Costa 
V010179,"10/01/2026, 16:39:04",LOJISTA,AUTORIZADA CELL- FEIRA,Ruyter Junior ,dinheiro,90,"09/01/2026, 21:00:00","10/01/2026, 17:56:16",Camila Ramos Da Costa 
V010168,"10/01/2026, 14:07:11",SPACE PHONE,AUTORIZADA CELL- FEIRA,Ruyter Junior ,pix,90,"09/01/2026, 21:00:00","10/01/2026, 17:41:23",Camila Ramos Da Costa 
V010167,"10/01/2026, 13:55:34",REI  APPLE,AUTORIZADA CELL- FEIRA,Ruyter Junior ,pix,50,"09/01/2026, 21:00:00","10/01/2026, 17:41:03",Camila Ramos Da Costa 
V010147,"10/01/2026, 11:38:30",EPOW TECH,AUTORIZADA CELL- FEIRA,Ruyter Junior ,pix,220,"12/01/2026, 21:00:00","13/01/2026, 17:52:10",Camila Ramos Da Costa 
V010146,"10/01/2026, 11:32:07",DR CELL,AUTORIZADA CELL- FEIRA,Ruyter Junior ,dinheiro,295,"20/02/2026, 21:00:00","21/02/2026, 18:07:50",Camila Ramos Da Costa 
V010049,"09/01/2026, 10:42:56",CONSUMIDOR,AUTORIZADA CELL- FEIRA,Ruyter Junior ,cartao_debito,60,"08/01/2026, 21:00:00","09/01/2026, 12:31:38",Camila Ramos Da Costa 
V010014,"08/01/2026, 15:39:51",VENUCCE,AUTORIZADA CELL- FEIRA,Ruyter Junior ,pix,50,"08/01/2026, 21:00:00","09/01/2026, 09:36:16",Camila Ramos Da Costa 
V010000,"08/01/2026, 13:01:07",Henry Imports,AUTORIZADA CELL- FEIRA,Ruyter Junior ,pix,70,"08/01/2026, 21:00:00","09/01/2026, 09:48:07",Camila Ramos Da Costa 
V002003,"07/01/2026, 14:13:26",DR CELL,AUTORIZADA CELL- FEIRA,Ruyter Junior ,dinheiro,90,"07/02/2026, 21:00:00","08/02/2026, 17:41:28",Camila Ramos Da Costa 
V001974,"07/01/2026, 11:28:12",BOLUDO,AUTORIZADA CELL- FEIRA,Ruyter Junior ,pix,1201.75,"19/01/2026, 21:00:00","20/01/2026, 18:29:05",Camila Ramos Da Costa 
V001906,"06/01/2026, 12:24:58",JEVERSON,AUTORIZADA CELL- FEIRA,Ruyter Junior ,pix,60,"05/01/2026, 21:00:00","06/01/2026, 12:59:10",Camila Ramos Da Costa 
V001897,"06/01/2026, 11:13:41",TOK CELL,AUTORIZADA CELL- FEIRA,Ruyter Junior ,pix,500,"05/01/2026, 21:00:00","06/01/2026, 12:55:40",Camila Ramos Da Costa 
V001756,"03/01/2026, 11:52:46",DOMINIQUE IMPORTS C29,AUTORIZADA CELL- FEIRA,Ruyter Junior ,pix,155,"02/01/2026, 21:00:00","03/01/2026, 13:11:53",Camila Ramos Da Costa 
V001749,"03/01/2026, 11:21:15",IDEAL C478,AUTORIZADA CELL- FEIRA,Ruyter Junior ,pix,30,"02/01/2026, 21:00:00","03/01/2026, 12:34:30",Camila Ramos Da Costa 
V001747,"03/01/2026, 11:03:51",ALEX C499,AUTORIZADA CELL- FEIRA,Ruyter Junior ,dinheiro,200,"03/01/2026, 21:00:00","04/01/2026, 17:47:13",Camila Ramos Da Costa 
V001747,"03/01/2026, 11:03:51",ALEX C499,AUTORIZADA CELL- FEIRA,Ruyter Junior ,pix,170,"07/01/2026, 21:00:00","08/01/2026, 13:13:06",Camila Ramos Da Costa 
V001702,"02/01/2026, 10:51:11",DR CELL,AUTORIZADA CELL- FEIRA,Ruyter Junior ,dinheiro,995,"07/02/2026, 21:00:00","08/02/2026, 17:36:08",Camila Ramos Da Costa 
V001660,"30/12/2025, 16:29:47",INOVATECH,AUTORIZADA CELL- FEIRA,Ruyter Junior ,pix,70,"29/12/2025, 21:00:00","30/12/2025, 16:30:36",Camila Ramos Da Costa 
V001633,"30/12/2025, 13:31:29",FAST CELL,AUTORIZADA CELL- FEIRA,Ruyter Junior ,pix,20,"07/01/2026, 21:00:00","08/01/2026, 15:24:17",Camila Ramos Da Costa 
V001623,"30/12/2025, 11:52:00",RR MOBILE,AUTORIZADA CELL- FEIRA,Ruyter Junior ,pix,70,"29/12/2025, 21:00:00","30/12/2025, 16:11:28",Camila Ramos Da Costa 
V001618,"30/12/2025, 11:32:02",EPOW TECH,AUTORIZADA CELL- FEIRA,Ruyter Junior ,pix,370,"29/12/2025, 21:00:00","30/12/2025, 17:46:10",Camila Ramos Da Costa 
V001591,"29/12/2025, 15:50:53",LOJISTA,AUTORIZADA CELL- FEIRA,Ruyter Junior ,pix,180,"29/12/2025, 21:00:00","30/12/2025, 10:01:36",Camila Ramos Da Costa 
V001590,"29/12/2025, 15:49:50",FAST CELL,AUTORIZADA CELL- FEIRA,Ruyter Junior ,pix,45,"29/12/2025, 21:00:00","30/12/2025, 16:19:11",Camila Ramos Da Costa 
V001589,"29/12/2025, 15:48:37",DR CELL,AUTORIZADA CELL- FEIRA,Ruyter Junior ,pix,545,"14/02/2026, 21:00:00","15/02/2026, 17:36:37",Camila Ramos Da Costa 
V001588,"29/12/2025, 15:45:31",EPOW TECH,AUTORIZADA CELL- FEIRA,Ruyter Junior ,pix,210,"29/12/2025, 21:00:00","30/12/2025, 10:20:15",Camila Ramos Da Costa 
V001539,"28/12/2025, 14:43:42",Davi Feira,AUTORIZADA CELL- FEIRA,Ruyter Junior ,pix,40,"27/12/2025, 21:00:00","28/12/2025, 16:15:31",Camila Ramos Da Costa 
V001520,"28/12/2025, 11:17:23",DR CELL,AUTORIZADA CELL- FEIRA,Ruyter Junior ,pix,230,"14/02/2026, 21:00:00","15/02/2026, 17:36:11",Camila Ramos Da Costa 
V001518,"28/12/2025, 10:17:57",BIG APPLE,AUTORIZADA CELL- FEIRA,Ruyter Junior ,pix,1200,"29/12/2025, 21:00:00","30/12/2025, 16:35:18",Camila Ramos Da Costa 
V001517,"28/12/2025, 10:16:55",KLEBER BIG APPLE,AUTORIZADA CELL- FEIRA,Ruyter Junior ,dinheiro,500,"29/12/2025, 21:00:00","30/12/2025, 10:16:28",Camila Ramos Da Costa 
V001517,"28/12/2025, 10:16:55",KLEBER BIG APPLE,AUTORIZADA CELL- FEIRA,Ruyter Junior ,pix,15,"29/12/2025, 21:00:00","30/12/2025, 10:17:05",Camila Ramos Da Costa 
V001509,"27/12/2025, 16:59:04",CARLIM,AUTORIZADA CELL- FEIRA,Ruyter Junior ,pix,840,"26/12/2025, 21:00:00","27/12/2025, 17:13:52",Camila Ramos Da Costa 
V001508,"27/12/2025, 16:45:12",IFEIRA 317,AUTORIZADA CELL- FEIRA,Ruyter Junior ,pix,95,"26/12/2025, 21:00:00","27/12/2025, 17:11:58",Camila Ramos Da Costa 
V001497,"27/12/2025, 15:14:54",BOLUDO,AUTORIZADA CELL- FEIRA,Ruyter Junior ,pix,273.6,"02/01/2026, 21:00:00","03/01/2026, 13:11:14",Camila Ramos Da Costa 
V001495,"27/12/2025, 15:07:31",Atual Games,AUTORIZADA CELL- FEIRA,Ruyter Junior ,pix,80,"26/12/2025, 21:00:00","27/12/2025, 15:57:00",Camila Ramos Da Costa 
V001469,"27/12/2025, 12:06:19",Barão Apple,AUTORIZADA CELL- FEIRA,Ruyter Junior ,pix,35,"26/12/2025, 21:00:00","27/12/2025, 15:47:12",Camila Ramos Da Costa 
V001466,"27/12/2025, 11:59:16",FAST CELL,AUTORIZADA CELL- FEIRA,Ruyter Junior ,pix,65,"26/12/2025, 21:00:00","27/12/2025, 17:37:03",Camila Ramos Da Costa 
V001449,"27/12/2025, 10:20:09",DR CELL,AUTORIZADA CELL- FEIRA,Ruyter Junior ,pix,600,"14/02/2026, 21:00:00","15/02/2026, 17:34:49",Camila Ramos Da Costa 
V001438,"26/12/2025, 16:52:35",WIN STORE,AUTORIZADA CELL- FEIRA,Ruyter Junior ,pix,100,"29/12/2025, 21:00:00","30/12/2025, 17:56:13",Camila Ramos Da Costa 
V001435,"26/12/2025, 16:22:08",WISLEY SOARES,AUTORIZADA CELL- FEIRA,Ruyter Junior ,pix,950,"01/01/2026, 21:00:00","02/01/2026, 10:28:10",Camila Ramos Da Costa 
V001424,"26/12/2025, 14:48:23",IPREMIUM,AUTORIZADA CELL- FEIRA,Ruyter Junior ,pix,280,"25/12/2025, 21:00:00","26/12/2025, 15:46:37",Camila Ramos Da Costa 
V001410,"26/12/2025, 12:49:38",BOLUDO,AUTORIZADA CELL- FEIRA,Ruyter Junior ,pix,893,"02/01/2026, 21:00:00","03/01/2026, 13:11:00",Camila Ramos Da Costa 
V001402,"26/12/2025, 11:57:57",APPLE TIME,AUTORIZADA CELL- FEIRA,Ruyter Junior ,pix,540,"25/12/2025, 21:00:00","26/12/2025, 15:29:04",Camila Ramos Da Costa 
V001393,"26/12/2025, 10:11:10",DR CELL,AUTORIZADA CELL- FEIRA,Ruyter Junior ,pix,1235,"14/02/2026, 21:00:00","15/02/2026, 17:34:09",Camila Ramos Da Costa 
V001260,"23/12/2025, 10:30:45",DR CELL,AUTORIZADA CELL- FEIRA,Ruyter Junior ,pix,580,"13/01/2026, 21:00:00","14/01/2026, 14:40:04",Camila Ramos Da Costa 
V001205,"22/12/2025, 11:14:26",EPOW TECH,AUTORIZADA CELL- FEIRA,Ruyter Junior ,pix,80,"21/12/2025, 21:00:00","22/12/2025, 17:40:36",Camila Ramos Da Costa 
V001205,"22/12/2025, 11:14:26",EPOW TECH,AUTORIZADA CELL- FEIRA,Ruyter Junior ,pix,240,"09/01/2026, 21:00:00","10/01/2026, 18:25:33",Camila Ramos Da Costa 
V001057,"19/12/2025, 16:50:31",Henry Imports,AUTORIZADA CELL- FEIRA,Ruyter Junior ,pix,120,"18/12/2025, 21:00:00","19/12/2025, 17:49:07",Camila Ramos Da Costa 
V001046,"19/12/2025, 16:02:27",Eli IFERA,AUTORIZADA CELL- FEIRA,Ruyter Junior ,pix,290,"18/12/2025, 21:00:00","19/12/2025, 16:14:35",Camila Ramos Da Costa 
V001030,"19/12/2025, 15:07:18",LOJISTA,AUTORIZADA CELL- FEIRA,Ruyter Junior ,pix,100,"18/12/2025, 21:00:00","19/12/2025, 15:27:34",Camila Ramos Da Costa 
V001011,"19/12/2025, 12:21:51",DR CELL,AUTORIZADA CELL- FEIRA,Ruyter Junior ,pix,370,"24/01/2026, 21:00:00","25/01/2026, 17:28:40",Ramona Kawana
V001007,"19/12/2025, 11:52:37",SALVA VIDROS,AUTORIZADA CELL- FEIRA,Ruyter Junior ,dinheiro,650,"30/12/2025, 21:00:00","31/12/2025, 13:51:01",Camila Ramos Da Costa 
V001003,"19/12/2025, 11:16:24",BIG APPLE,AUTORIZADA CELL- FEIRA,Ruyter Junior ,pix,50,"18/12/2025, 21:00:00","19/12/2025, 18:29:56",Camila Ramos Da Costa 
V000950,"18/12/2025, 13:00:09",CHRISTIAN,AUTORIZADA CELL- FEIRA,Ruyter Junior ,pix,60,"17/12/2025, 21:00:00","18/12/2025, 14:36:26",Camila Ramos Da Costa 
V000936,"18/12/2025, 11:12:10",DR CELL,AUTORIZADA CELL- FEIRA,Ruyter Junior ,pix,710,"17/01/2026, 21:00:00","18/01/2026, 18:02:27",Camila Ramos Da Costa 
V000936,"18/12/2025, 11:12:10",DR CELL,AUTORIZADA CELL- FEIRA,Ruyter Junior ,pix,30,"24/01/2026, 21:00:00","25/01/2026, 17:27:06",Ramona Kawana
V000904,"17/12/2025, 16:26:26",WISLEY SOARES,AUTORIZADA CELL- FEIRA,Ruyter Junior ,pix,760,"21/12/2025, 21:00:00","22/12/2025, 13:54:09",Camila Ramos Da Costa 
V000884,"17/12/2025, 13:36:55",AlvimTec,AUTORIZADA CELL- FEIRA,Ruyter Junior ,pix,130,"16/12/2025, 21:00:00","17/12/2025, 14:45:04",Camila Ramos Da Costa 
V000878,"17/12/2025, 12:18:55",Barão Apple,AUTORIZADA CELL- FEIRA,Ruyter Junior ,pix,120,"16/12/2025, 21:00:00","17/12/2025, 14:43:05",Camila Ramos Da Costa 
V000876,"17/12/2025, 11:38:40",Eli IFERA,AUTORIZADA CELL- FEIRA,Ruyter Junior ,pix,410,"20/12/2025, 21:00:00","21/12/2025, 10:17:56",Camila Ramos Da Costa 
V000874,"17/12/2025, 11:24:51",WISLEY SOARES,AUTORIZADA CELL- FEIRA,Ruyter Junior ,pix,40,"16/12/2025, 21:00:00","17/12/2025, 17:14:19",Camila Ramos Da Costa 
V000807,"16/12/2025, 12:05:18",DR CELL,AUTORIZADA CELL- FEIRA,Ruyter Junior ,dinheiro,125,"27/12/2025, 21:00:00","28/12/2025, 16:22:11",Camila Ramos Da Costa 
V000807,"16/12/2025, 12:05:18",DR CELL,AUTORIZADA CELL- FEIRA,Ruyter Junior ,pix,50,"24/01/2026, 21:00:00","25/01/2026, 17:26:35",Ramona Kawana
V000655,"13/12/2025, 16:38:03",FAST CELL,AUTORIZADA CELL- FEIRA,Ruyter Junior ,pix,80,"15/12/2025, 21:00:00","16/12/2025, 15:34:36",Camila Ramos Da Costa 
V000624,"13/12/2025, 12:31:05",INOV9,AUTORIZADA CELL- FEIRA,Ruyter Junior ,pix,520,"12/12/2025, 21:00:00","13/12/2025, 13:50:36",Camila Ramos Da Costa 
V000619,"13/12/2025, 11:54:03",DR CELL,AUTORIZADA CELL- FEIRA,Ruyter Junior ,pix,390,"24/01/2026, 21:00:00","25/01/2026, 17:25:35",Ramona Kawana
V000618,"13/12/2025, 11:44:40",BIG APPLE,AUTORIZADA CELL- FEIRA,Ruyter Junior ,pix,90,"13/12/2025, 21:00:00","14/12/2025, 10:31:27",Camila Ramos Da Costa 
V000554,"12/12/2025, 11:55:29",ALL TEC SHOP,AUTORIZADA CELL- FEIRA,Ruyter Junior ,pix,310,"11/12/2025, 21:00:00","12/12/2025, 17:47:14",Camila Ramos Da Costa 
V000549,"12/12/2025, 11:13:19",INSTA CASE A95/96,AUTORIZADA CELL- FEIRA,Ruyter Junior ,pix,80,"11/12/2025, 21:00:00","12/12/2025, 13:43:01",Camila Ramos Da Costa 
V000546,"12/12/2025, 10:40:07",Eli IFERA,AUTORIZADA CELL- FEIRA,Ruyter Junior ,pix,40,"13/12/2025, 21:00:00","14/12/2025, 17:39:33",Camila Ramos Da Costa 
V000515,"11/12/2025, 18:13:54",WIN STORE,AUTORIZADA CELL- FEIRA,Ruyter Junior ,pix,100,"22/12/2025, 21:00:00","23/12/2025, 13:29:14",Camila Ramos Da Costa 
V000534,"11/12/2025, 17:56:19",GOLD IMPORTS,AUTORIZADA CELL- FEIRA,Ruyter Junior ,dinheiro,65,"10/12/2025, 21:00:00","11/12/2025, 18:07:18",Camila Ramos Da Costa 
V000488,"11/12/2025, 14:51:15",SOBRAL TECH,AUTORIZADA CELL- FEIRA,Ruyter Junior ,pix,20,"10/12/2025, 21:00:00","11/12/2025, 15:42:45",Camila Ramos Da Costa 
V000342,"09/12/2025, 13:48:00",WISLEY SOARES,AUTORIZADA CELL- FEIRA,Ruyter Junior ,pix,70,"08/12/2025, 21:00:00","09/12/2025, 12:07:24",Camila Ramos Da Costa 
V000341,"09/12/2025, 13:43:54",D`Lux,AUTORIZADA CELL- FEIRA,Ruyter Junior ,dinheiro,90,"08/12/2025, 21:00:00","09/12/2025, 12:06:42",Camila Ramos Da Costa 
V000284,"07/12/2025, 21:15:51",FAST CELL,AUTORIZADA CELL- FEIRA,Ruyter Junior ,pix,90,"08/12/2025, 21:00:00","11/12/2025, 10:20:06",Camila Ramos Da Costa 
V000283,"07/12/2025, 21:12:44",Eli IFERA,AUTORIZADA CELL- FEIRA,Ruyter Junior ,pix,150,"08/12/2025, 21:00:00","09/12/2025, 17:30:00",Camila Ramos Da Costa 
V000231,"07/12/2025, 13:31:25",EPOW TECH,AUTORIZADA CELL- FEIRA,Ruyter Junior ,pix,430,"12/12/2025, 21:00:00","13/12/2025, 10:38:34",Camila Ramos Da Costa 
V000229,"07/12/2025, 13:05:30",DR CELL,AUTORIZADA CELL- FEIRA,Ruyter Junior ,pix,2890,"13/01/2026, 21:00:00","14/01/2026, 14:38:18",Camila Ramos Da Costa 